raw_pos,id,chain,input_aa,A,C,D,E,F,G,H,I,K,L,M,N,P,Q,R,S,T,V,W,Y
0,H1,H,Q,0.003183521796017885,0.004267382901161909,0.0036150640808045864,0.0040892865508794785,0.003838324686512351,0.0036447274032980204,0.005177880637347698,0.003671056590974331,0.004363709129393101,0.0048187957145273685,0.0035906685516238213,0.003562469268217683,0.00476578576490283,0.904830276966095,0.004247281234711409,0.0040281289257109165,0.0037055532447993755,0.004026256501674652,0.0035683789756149054,0.004114788956940174
1,H1,H,V,0.006479030475020409,0.0036937424447387457,0.004643131513148546,0.004664743319153786,0.004206463228911161,0.005815721116960049,0.003999571315944195,0.00541536882519722,0.003652093466371298,0.006454906426370144,0.005383674520999193,0.003811014350503683,0.0035074190236628056,0.003217382589355111,0.0033543005120009184,0.0032625622116029263,0.0033850993495434523,0.8988914489746094,0.004152507055550814,0.0039029105100780725
2,H1,H,Q,0.0032901878003031015,0.0037875769194215536,0.0037362193688750267,0.004107071086764336,0.0032692502718418837,0.003564032493159175,0.0062302337028086185,0.003473770571872592,0.004276379942893982,0.00498307915404439,0.0037248290609568357,0.0037182702217251062,0.005011423956602812,0.9066087007522583,0.0054136463440954685,0.002917259931564331,0.0034048459492623806,0.003027219558134675,0.003801017999649048,0.003685352159664035
3,H1,H,L,0.004321771208196878,0.0047918944619596004,0.004377354402095079,0.004191139712929726,0.00399981252849102,0.00391122791916132,0.004226094577461481,0.0038122294936329126,0.004842130467295647,0.896295428276062,0.004274964332580566,0.004237820859998465,0.004063402768224478,0.004313139244914055,0.005079696886241436,0.00403598602861166,0.004130022134631872,0.006343662738800049,0.004539955873042345,0.0037170874420553446
4,H1,H,Q,0.008907856419682503,0.003951783757656813,0.004665980581194162,0.0061141313053667545,0.00519253546372056,0.01069176197052002,0.005583715625107288,0.006089641246944666,0.0039027370512485504,0.01296746265143156,0.012240146286785603,0.003491288749501109,0.004178027156740427,0.007520925719290972,0.003852614900097251,0.0032445858232676983,0.004062551539391279,0.8645102977752686,0.004252126906067133,0.0036086589097976685
5,H1,H,Q,0.0038225280586630106,0.003773444565013051,0.0036644828505814075,0.005831364542245865,0.003108440199866891,0.0032483648974448442,0.005044642835855484,0.0035682942252606153,0.004195454064756632,0.00438595749437809,0.0036830652970820665,0.0034538456238806248,0.0047963764518499374,0.908688485622406,0.004624231718480587,0.0030950624495744705,0.0030457647517323494,0.0031845655757933855,0.0031821548473089933,0.0035342914052307606
6,H1,H,P,0.00901347491890192,0.0042527965269982815,0.003397611901164055,0.0036875398363918066,0.008111419156193733,0.003489925991743803,0.0035233660601079464,0.0036468524485826492,0.0030448806937783957,0.00423765042796731,0.003160902764648199,0.002997669856995344,0.048229534178972244,0.0038775864522904158,0.003542589722201228,0.855229377746582,0.005534069612622261,0.003868760308250785,0.004338346421718597,0.004520606715232134
7,H1,H,G,0.00572926877066493,0.004550119396299124,0.0040365103632211685,0.004892674274742603,0.004364914260804653,0.8882140517234802,0.004751105327159166,0.004119175020605326,0.00422171875834465,0.0038853685837239027,0.004969561938196421,0.0037383115850389004,0.004607220180332661,0.004422420635819435,0.005430188030004501,0.004196087829768658,0.004174777306616306,0.006133290007710457,0.006918251980096102,0.004028317518532276
8,H1,H,A,0.8823488354682922,0.003405155846849084,0.0026836178731173277,0.003368236357346177,0.003973592538386583,0.004114894662052393,0.0033016668166965246,0.0034597902558743954,0.0030974994879215956,0.004511156585067511,0.0033070696517825127,0.003683375660330057,0.005732869729399681,0.004222124814987183,0.0027014384977519512,0.032457221299409866,0.004877237603068352,0.0023440327495336533,0.003932791296392679,0.004251112230122089
9,H1,H,E,0.01066376268863678,0.003664058865979314,0.007232192438095808,0.8924534320831299,0.0035572729539126158,0.006222448777407408,0.0033399774692952633,0.0036362383980304003,0.004962870851159096,0.003960279282182455,0.0035160842817276716,0.0036946386098861694,0.003934852778911591,0.004898007493466139,0.003994320053607225,0.003658442758023739,0.00415052892640233,0.006156369112432003,0.003887072904035449,0.0038329509552568197
10,H1,H,L,0.009671634063124657,0.004458997398614883,0.005794773809611797,0.005848000291734934,0.005337962880730629,0.01040598750114441,0.005155649967491627,0.006355085875838995,0.0041463905945420265,0.2586941123008728,0.014239879325032234,0.004126644693315029,0.0047975690104067326,0.004206251818686724,0.004521622322499752,0.004004159476608038,0.003450293792411685,0.6131423115730286,0.004619117360562086,0.003928545396775007
11,H1,H,V,0.003006506711244583,0.004276250954717398,0.004095436539500952,0.011258821003139019,0.0037615958135575056,0.004151130560785532,0.004420632030814886,0.003919126931577921,0.8287895321846008,0.0037376407999545336,0.005546028725802898,0.010177722200751305,0.0039057075046002865,0.014220103621482849,0.03552859649062157,0.00405573146417737,0.012535154819488525,0.010810988023877144,0.0057657561264932156,0.0045606535859405994
12,H1,H,K,0.004006199538707733,0.0037257173098623753,0.0036506878677755594,0.005287984851747751,0.004442763980478048,0.0043342141434550285,0.0047944593243300915,0.0051328036934137344,0.8894456028938293,0.0037864537443965673,0.004523634910583496,0.0054534501396119595,0.006468595936894417,0.008416881784796715,0.00600842572748661,0.003605995560064912,0.005235344637185335,0.0035938150249421597,0.0041002146899700165,0.004157101269811392
13,H1,H,P,0.005491999909281731,0.0036166938953101635,0.0035344362258911133,0.0033593575935810804,0.003610313404351473,0.00322000146843493,0.004765649791806936,0.003514293348416686,0.003543729893863201,0.004751425236463547,0.0034384794998914003,0.003332709427922964,0.9029180407524109,0.003947452176362276,0.004443080630153418,0.0064974017441272736,0.0056642466224730015,0.003760232124477625,0.003743119304999709,0.0031672059558331966
14,H1,H,G,0.005209628026932478,0.0042819734662771225,0.004036848898977041,0.004213866777718067,0.004525439348071814,0.8939621448516846,0.004490273538976908,0.004052859731018543,0.00426131347194314,0.004271352663636208,0.004733616020530462,0.0037650796584784985,0.003989806864410639,0.004153230227530003,0.005288406275212765,0.003943281248211861,0.003699088701978326,0.005129408091306686,0.006851777900010347,0.003854626789689064
15,H1,H,A,0.871042788028717,0.0052475896663963795,0.005440270062536001,0.005213035270571709,0.005030700471252203,0.0046839527785778046,0.005367036908864975,0.004751255270093679,0.004627533722668886,0.0053908005356788635,0.00560230715200305,0.005077840760350227,0.005214519798755646,0.005209042225033045,0.005195381585508585,0.007151891477406025,0.005820718593895435,0.004607459530234337,0.005045337602496147,0.005526171065866947
16,H1,H,S,0.005305026657879353,0.004031816031783819,0.004431163426488638,0.003841785015538335,0.00506561016663909,0.003511833492666483,0.004590949509292841,0.003720146371051669,0.004060786217451096,0.004365404602140188,0.00401270342990756,0.0037888051010668278,0.005227504298090935,0.003748612478375435,0.003663372015580535,0.8978700637817383,0.0051008607260882854,0.0034465582575649023,0.004476500675082207,0.004458695650100708
17,H1,H,V,0.005429762415587902,0.0035349915269762278,0.003721503773704171,0.0043846494518220425,0.004093216732144356,0.005088392645120621,0.004484339151531458,0.0041231391951441765,0.004056350328028202,0.0062956977635622025,0.004959355108439922,0.003579667303711176,0.004040133208036423,0.0039802235551178455,0.003693856531754136,0.003495360491797328,0.0036969908978790045,0.8990858793258667,0.004735046532005072,0.003653994994238019
18,H1,H,K,0.003280028933659196,0.0035737864673137665,0.0034176125191152096,0.0040300991386175156,0.0039043596480041742,0.004136485047638416,0.004202230367809534,0.004222126677632332,0.8977364301681519,0.003639988834038377,0.004885443951934576,0.004550575744360685,0.004770652391016483,0.0051141404546797276,0.007766600698232651,0.003625159617513418,0.007980970665812492,0.003551760921254754,0.003942421171814203,0.0035970911849290133
19,H1,H,M,0.007492281962186098,0.002530050231143832,0.004594260361045599,0.004797129891812801,0.01566382311284542,0.005383850075304508,0.003963717259466648,0.10654860734939575,0.003808390349149704,0.016935601830482483,0.040847297757864,0.0036341615486890078,0.002551737707108259,0.004413696005940437,0.0034791792277246714,0.0049957092851400375,0.006316000130027533,0.7355897426605225,0.004476700909435749,0.0037425002083182335
20,H1,H,S,0.00454302690923214,0.004210126120597124,0.003856515744701028,0.0038783708587288857,0.004769620019942522,0.0036305952817201614,0.0037257112562656403,0.003694254206493497,0.0034060096368193626,0.0034380292054265738,0.003637217916548252,0.003767596557736397,0.0050256638787686825,0.003716488368809223,0.003496085526421666,0.903725802898407,0.004617749713361263,0.003623630153015256,0.004240632522851229,0.005092931911349297
21,H1,H,C,0.0037563221994787455,0.9003801941871643,0.003745670896023512,0.0035589963663369417,0.005148935131728649,0.005671466235071421,0.0038789198733866215,0.004011298529803753,0.003353658365085721,0.0037266493309289217,0.004152262583374977,0.003850787878036499,0.003912005573511124,0.003799719735980034,0.0053448365069925785,0.005069207400083542,0.003503176150843501,0.003743523033335805,0.0049419826827943325,0.0044553098268806934
22,H1,H,K,0.003762114094570279,0.0036918013356626034,0.0031887521035969257,0.005787770729511976,0.0036784643307328224,0.003792776493355632,0.0037981478963047266,0.0035616043023765087,0.9022235870361328,0.003002797719091177,0.0038696094416081905,0.004361805040389299,0.0037025113124400377,0.005853608250617981,0.006360488012433052,0.0032691520173102617,0.007113992236554623,0.003580720629543066,0.0038811257109045982,0.0035800528712570667
23,H1,H,A,0.8864179849624634,0.0038062455132603645,0.0037888328079134226,0.004338091239333153,0.004717628937214613,0.004587068222463131,0.004795376677066088,0.004572430159896612,0.0040373168885707855,0.004324472509324551,0.004706625360995531,0.004668578039854765,0.0045021637342870235,0.004318299237638712,0.0036165229976177216,0.0065026115626096725,0.009862791746854782,0.0037850625813007355,0.004704157821834087,0.004165240563452244
24,H1,H,S,0.004714242182672024,0.00410971837118268,0.0037120210472494364,0.0037011108361184597,0.006478277035057545,0.003256255527958274,0.0034468499943614006,0.003597615286707878,0.00355735351331532,0.004457015078514814,0.0041510481387376785,0.0035435876343399286,0.004723168443888426,0.0035723259206861258,0.004012884106487036,0.9023167490959167,0.00420504342764616,0.0036613645497709513,0.003928518854081631,0.005007721949368715
25,H1,H,G,0.004899811930954456,0.004043871536850929,0.004130163230001926,0.005126586649566889,0.0040185581892728806,0.8983584642410278,0.00395705783739686,0.003967358730733395,0.00428717490285635,0.003580451477319002,0.004091592505574226,0.003973450977355242,0.00451525067910552,0.003533219452947378,0.006334852892905474,0.00399054167792201,0.0035013670567423105,0.004283525515347719,0.005759731400758028,0.0038332073017954826
26,H1,H,Y,0.003689755452796817,0.004246611148118973,0.004778711125254631,0.0034527620300650597,0.005320423282682896,0.0036803828552365303,0.004461114760488272,0.004103959072381258,0.003531813155859709,0.003904556157067418,0.0039200326427817345,0.005085684824734926,0.003702339483425021,0.0037438564468175173,0.0036423595156520605,0.005342535208910704,0.0035136346705257893,0.0038499541115015745,0.0037774972151964903,0.901123583316803
27,H1,H,T,0.0059478990733623505,0.0038723303005099297,0.004391669761389494,0.0031250996980816126,0.004754291381686926,0.003530192654579878,0.0036914516240358353,0.008246960118412971,0.0035051198210567236,0.0032188999466598034,0.00505548482760787,0.004670520778745413,0.0050490242429077625,0.003590478328987956,0.004089681897312403,0.01010352373123169,0.8903608918190002,0.004350820556282997,0.00450848788022995,0.003623485565185547
28,H1,H,F,0.0033405625727027655,0.00487639382481575,0.004016546532511711,0.003552802139893174,0.8966038823127747,0.0035413564182817936,0.004476394969969988,0.005258872173726559,0.0028167373966425657,0.010116676799952984,0.003873392939567566,0.00393160292878747,0.0036384002305567265,0.004670960828661919,0.003273999784141779,0.005689993500709534,0.0035444358363747597,0.004545935895293951,0.0037372370716184378,0.005075703375041485
29,H1,H,T,0.006046724040061235,0.0035910350270569324,0.004209504928439856,0.002692215843126178,0.0037149579729884863,0.0043051401153206825,0.003426731564104557,0.008646623231470585,0.003334487322717905,0.003282747231423855,0.0038570500910282135,0.004990220535546541,0.004759782925248146,0.00345283723436296,0.0047826021909713745,0.009468003176152706,0.8949575424194336,0.004366912413388491,0.0037556334864348173,0.0036158948205411434
30,H1,H,S,0.007544374093413353,0.004853914491832256,0.014689079485833645,0.0042496053501963615,0.004353079479187727,0.013819157145917416,0.005712786689400673,0.005968193523585796,0.005312188994139433,0.004438064061105251,0.004255723208189011,0.02019890770316124,0.004010939039289951,0.0037426049821078777,0.007130860351026058,0.8391492962837219,0.015141363255679607,0.005075868219137192,0.003945271018892527,0.0060530053451657295
31,H1,H,Y,0.0034489762037992477,0.0036053606308996677,0.004385665524750948,0.0035028718411922455,0.005536651238799095,0.0031658883672207594,0.005173309240490198,0.003401658032089472,0.0030839242972433567,0.005219876766204834,0.0037241715472191572,0.004590627271682024,0.003992196172475815,0.003653269726783037,0.0032319617457687855,0.0057257660664618015,0.003284752368927002,0.004155178088694811,0.003594560083001852,0.9047532677650452
32,H1,H,N,0.05146648734807968,0.009287084452807903,0.017753468826413155,0.005877983290702105,0.03241373226046562,0.01323919277638197,0.02192111313343048,0.006270793732255697,0.0068118758499622345,0.007171254605054855,0.00542712677270174,0.18566788733005524,0.0073761772364377975,0.007122277282178402,0.005169196054339409,0.05508897081017494,0.0104443384334445,0.00803176499903202,0.007521064020693302,0.5109094977378845
33,H1,H,M,0.0029098233208060265,0.0030103980097919703,0.003384631359949708,0.0028809395153075457,0.005709896795451641,0.0036779914516955614,0.0031390225049108267,0.03100564517080784,0.003908558748662472,0.009893248789012432,0.8766257762908936,0.0034245054703205824,0.002838550601154566,0.003190171904861927,0.003879394382238388,0.0035486044362187386,0.004690415691584349,0.008382197469472885,0.003622594755142927,0.0032204247545450926
34,H1,H,H,0.002866909373551607,0.003236312884837389,0.002878136932849884,0.0031905353534966707,0.003051136853173375,0.002643302781507373,0.9132524132728577,0.0029142098501324654,0.0022816441487520933,0.003600130556151271,0.0023234570398926735,0.008657637983560562,0.003966805525124073,0.006258081644773483,0.003904967335984111,0.007335554342716932,0.0035174244549125433,0.0025578730273991823,0.002835959428921342,0.005649814382195473
35,H1,H,W,0.00354525214061141,0.005358168855309486,0.0034297003876417875,0.0031807769555598497,0.0034473391715437174,0.005768770817667246,0.003534584306180477,0.003464543493464589,0.0035910846199840307,0.004531816113740206,0.003918606322258711,0.003583177225664258,0.00353892520070076,0.0035292841494083405,0.005156501661986113,0.0037276402581483126,0.0032345170620828867,0.0031963414512574673,0.9073578119277954,0.003821986261755228
36,H1,H,V,0.005016273818910122,0.0036417455412447453,0.0034905285574495792,0.0036319352220743895,0.004719548858702183,0.004977675154805183,0.003485149936750531,0.006571080535650253,0.003186357906088233,0.008371814154088497,0.005034024361521006,0.0038634617812931538,0.0034181843511760235,0.0031258161179721355,0.003540642326697707,0.0030830316245555878,0.0031729291658848524,0.903367280960083,0.0034329439513385296,0.0031383659224957228
37,H1,H,R,0.0031966702081263065,0.003953312989324331,0.003212911542505026,0.003049693536013365,0.0037222455721348524,0.004631645046174526,0.0038998383097350597,0.003912507556378841,0.004085717257112265,0.004413847345858812,0.003697266336530447,0.003427201882004738,0.003811709815636277,0.004693238530308008,0.908113420009613,0.004416346549987793,0.0037343113217502832,0.0032563197892159224,0.003944094758480787,0.003748919814825058
38,H1,H,Q,0.003229251829907298,0.0037720634136348963,0.003467715810984373,0.004158210474997759,0.0034332156646996737,0.0036355596967041492,0.005083564203232527,0.0034280382096767426,0.00459998520091176,0.004892800934612751,0.0037017164286226034,0.00334578356705606,0.005460073705762625,0.9060207605361938,0.00544655742123723,0.0031756884418427944,0.0031974869780242443,0.0032875617034733295,0.003596680937334895,0.0038195603992789984
39,H1,H,A,0.8861595392227173,0.004487213678658009,0.004502987489104271,0.004776657558977604,0.00454292306676507,0.0054947566241025925,0.004603744484484196,0.0042744651436805725,0.004128425382077694,0.004452120047062635,0.004505079239606857,0.00426917290315032,0.004811975173652172,0.00505095487460494,0.004203843418508768,0.005199141800403595,0.005519167520105839,0.005953437183052301,0.004973626229912043,0.004078882280737162
40,H1,H,P,0.004873361904174089,0.003759777871891856,0.0036120412405580282,0.0030286877881735563,0.0038085526321083307,0.003450427670031786,0.004704347811639309,0.0034325781743973494,0.0036633077543228865,0.00449279835447669,0.0032853323500603437,0.0032051370944827795,0.9062784910202026,0.003611648688092828,0.00520988367497921,0.0049338205717504025,0.005421158391982317,0.0033362258691340685,0.003626633435487747,0.0031056958250701427
41,H1,H,G,0.004882405512034893,0.0047204322181642056,0.003604806261137128,0.004297844599932432,0.004107733257114887,0.8966259956359863,0.00395855400711298,0.0043732039630413055,0.004608030430972576,0.0038523792754858732,0.004589445888996124,0.003929672297090292,0.004201515577733517,0.003816737327724695,0.00492072431370616,0.0039505623281002045,0.0036916029639542103,0.004778724163770676,0.005153806880116463,0.0038404797669500113
42,H1,H,R,0.004992969799786806,0.004009997937828302,0.004541338887065649,0.008283977396786213,0.0042549073696136475,0.004967445973306894,0.012240671552717686,0.00446764100342989,0.016437925398349762,0.007186760660260916,0.003859333461150527,0.004208630416542292,0.007653503678739071,0.7304612398147583,0.13841629028320312,0.003843658370897174,0.005493828095495701,0.005627892911434174,0.004871127661317587,0.004288090858608484
43,H1,H,G,0.0037855501286685467,0.004136221949011087,0.0031341216526925564,0.0034278142265975475,0.003993458114564419,0.8809260129928589,0.00444408506155014,0.004250462632626295,0.004564634524285793,0.0038512672763317823,0.0039384616538882256,0.0033849983010441065,0.004514570813626051,0.004395460709929466,0.023409951478242874,0.005597845651209354,0.003412248333916068,0.003975297324359417,0.0059010679833590984,0.004036353435367346
44,H1,H,L,0.004044497851282358,0.004702032543718815,0.004351017065346241,0.004294244572520256,0.007401350885629654,0.0039679002948105335,0.004660358652472496,0.004816070664674044,0.004516984801739454,0.8882274031639099,0.0037905434146523476,0.004243846982717514,0.00738811818882823,0.004558052867650986,0.00698155676946044,0.0035531125031411648,0.004172694403678179,0.004978051409125328,0.00396786630153656,0.004353717435151339
45,H1,H,E,0.006343678571283817,0.004215383902192116,0.005470731295645237,0.8959844708442688,0.0038640194106847048,0.00604332285001874,0.003833276452496648,0.0036529116332530975,0.004909154027700424,0.0036027219612151384,0.003921529743820429,0.003967691212892532,0.0036669238470494747,0.006336779799312353,0.0041167945601046085,0.0031194009352475405,0.0031903921626508236,0.004782896023243666,0.00405266834422946,0.004194010980427265
46,H1,H,W,0.0036711872089654207,0.005683370865881443,0.0031757529359310865,0.003394699189811945,0.0038604706060141325,0.007272421382367611,0.0033562714233994484,0.0035745452623814344,0.0033863908611238003,0.005446844268590212,0.003748092334717512,0.003372625447809696,0.003565516322851181,0.003664321033284068,0.005202242638915777,0.004003961104899645,0.00312985572963953,0.0036243218928575516,0.9033915996551514,0.004810207057744265
47,H1,H,I,0.0039052022621035576,0.00491297896951437,0.004589547403156757,0.003937331028282642,0.004766926635056734,0.006272186525166035,0.0035466302651911974,0.32080891728401184,0.006380705628544092,0.022612309083342552,0.5280061364173889,0.004775005392730236,0.004959770478308201,0.0032645058818161488,0.01331056747585535,0.0050061484798789024,0.0061270492151379585,0.019915271550416946,0.004505366086959839,0.004318606108427048
48,H1,H,G,0.006435768213123083,0.003545586485415697,0.0031530815176665783,0.003087274730205536,0.003877675859257579,0.9113556742668152,0.004165468737483025,0.0037221445236355066,0.0035924373660236597,0.0030530723743140697,0.0035577192902565002,0.0030235941521823406,0.003971538972109556,0.0034083120990544558,0.004079820588231087,0.003695014165714383,0.0031064245849847794,0.004429308697581291,0.00399438850581646,0.0035281311720609665
49,H1,H,A,0.05426906794309616,0.01234996598213911,0.009760646149516106,0.007663769647479057,0.016494128853082657,0.022053109481930733,0.008958316408097744,0.07794956862926483,0.008716448210179806,0.033774882555007935,0.025015735998749733,0.008716041222214699,0.007947565987706184,0.0070208157412707806,0.042941104620695114,0.015311673283576965,0.013728135265409946,0.03250851482152939,0.552137017250061,0.009948711842298508
50,H1,H,I,0.0036169602535665035,0.004620897583663464,0.004505672492086887,0.003802614752203226,0.0068236286751925945,0.004197611939162016,0.0031382974702864885,0.8840451240539551,0.003789444686844945,0.007569751236587763,0.005931952502578497,0.005904556252062321,0.003491832409054041,0.0023375062737613916,0.004107848275452852,0.007539427373558283,0.005473724100738764,0.008784042671322823,0.0028336516115814447,0.004407329950481653
51,H1,H,Y,0.007684885058552027,0.007230164483189583,0.03596784174442291,0.0069441720843315125,0.006649191491305828,0.009719637222588062,0.023786161094903946,0.014109062030911446,0.0267838966101408,0.006980475038290024,0.005495768506079912,0.529230535030365,0.006620020139962435,0.00886041671037674,0.009830685332417488,0.0612175278365612,0.029316499829292297,0.006002070847898722,0.006030169781297445,0.1593663990497589
52,H1,H,P,0.022476380690932274,0.005461421795189381,0.006800840143114328,0.0031027416698634624,0.00401235232129693,0.012533939443528652,0.005218131002038717,0.005440339911729097,0.0029839372728019953,0.009489905089139938,0.0029233540408313274,0.004141455516219139,0.8161238431930542,0.002228549914434552,0.0058753290213644505,0.030752552673220634,0.03432568907737732,0.0070305378176271915,0.0027251970022916794,0.003872624831274152
53,H1,H,G,0.005636073648929596,0.00486616650596261,0.0265242550522089,0.003746593836694956,0.005945422220975161,0.5772849917411804,0.024470042437314987,0.008744901977479458,0.012341216206550598,0.003475535660982132,0.004377113655209541,0.07936875522136688,0.006213501561433077,0.005370567087084055,0.012967915274202824,0.13901281356811523,0.02184310369193554,0.004715910647064447,0.004361774772405624,0.029446346685290337
54,H1,H,N,0.00572909926995635,0.005432993173599243,0.022903140634298325,0.006548729725182056,0.005842167884111404,0.033471666276454926,0.010281152091920376,0.007427961565554142,0.004708410240709782,0.0075534344650805,0.004743856843560934,0.7807820439338684,0.004683215636759996,0.003505550092086196,0.004417910240590572,0.031570080667734146,0.011228050105273724,0.009904765523970127,0.004847266711294651,0.009866117499768734
55,H1,H,G,0.005281146615743637,0.004663779400289059,0.009387425146996975,0.0036734978202730417,0.0038515483029186726,0.8879465460777283,0.0045980424620211124,0.004091621842235327,0.003390212543308735,0.0031020469032227993,0.00386519031599164,0.006400028709322214,0.0038433566223829985,0.0036778778303414583,0.005677802953869104,0.005943744443356991,0.004366342909634113,0.004526469390839338,0.0039004345890134573,0.0045412564650177956
56,H1,H,D,0.004077874589711428,0.0025212427135556936,0.8332453370094299,0.00468956446275115,0.0035884117241948843,0.006659623701125383,0.011391355656087399,0.004850393161177635,0.008768490515649319,0.0030654300935566425,0.002025709254667163,0.0456048958003521,0.0023579206317663193,0.0023774635046720505,0.006463293917477131,0.023029102012515068,0.008822719566524029,0.0046354602091014385,0.00203136308118701,0.00952669233083725
57,H1,H,T,0.01144924946129322,0.00424701115116477,0.004176747985184193,0.00331856613047421,0.004819787573069334,0.0043121520429849625,0.004290593322366476,0.00739357341080904,0.005572487134486437,0.0033854893408715725,0.004536764230579138,0.0038301737513393164,0.0073316083289682865,0.004023952875286341,0.008914117701351643,0.0058586313389241695,0.8776335716247559,0.005267885513603687,0.0045955246314406395,0.0037427505012601614
58,H1,H,S,0.009987393394112587,0.00605820631608367,0.027181193232536316,0.021183734759688377,0.009276466444134712,0.013769363053143024,0.02189950831234455,0.022560622543096542,0.04770272597670555,0.010210893116891384,0.005850052461028099,0.08944616466760635,0.005958983674645424,0.013768755830824375,0.017321405932307243,0.5994402766227722,0.02682248130440712,0.01067433226853609,0.006332715507596731,0.010827723890542984
59,H1,H,Y,0.00394096877425909,0.004378167446702719,0.005066410172730684,0.004063085652887821,0.006377745419740677,0.003956653643399477,0.004050921183079481,0.004628294613212347,0.0036891396157443523,0.0046326592564582825,0.003925686702132225,0.004652823321521282,0.004287174437195063,0.003398122964426875,0.004019740037620068,0.007090483792126179,0.0038687484338879585,0.00480560353025794,0.003799334866926074,0.8959263563156128
60,H1,H,D,0.7402912974357605,0.004348479676991701,0.04046129062771797,0.010891523212194443,0.006423878483474255,0.016339045017957687,0.005029359366744757,0.007332994136959314,0.004308981355279684,0.007789062801748514,0.004100230522453785,0.005944794975221157,0.011618854478001595,0.004908802919089794,0.0054598902352154255,0.060619015246629715,0.018689606338739395,0.014642450958490372,0.004287782125174999,0.005622632801532745
61,H1,H,Q,0.0037977220490574837,0.003209009999409318,0.003976525738835335,0.0071519226767122746,0.003521545557305217,0.0030938705895096064,0.0059187207370996475,0.003090432146564126,0.0056981779634952545,0.004801622126251459,0.003140231128782034,0.0034252426121383905,0.011652396060526371,0.8989602327346802,0.0068191951140761375,0.0028788638301193714,0.0032473942264914513,0.0031745319720357656,0.0035866484977304935,0.0031515867449343204
62,H1,H,K,0.004109036643058062,0.003568718209862709,0.003825593739748001,0.004969214554876089,0.003576420247554779,0.004152719862759113,0.004216691944748163,0.003899910254403949,0.8874589204788208,0.0036534054670482874,0.004973412025719881,0.009793435223400593,0.00420979643240571,0.004922840278595686,0.00964157935231924,0.006519237998872995,0.006944502703845501,0.003421853529289365,0.0037717861123383045,0.0037413027603179216
63,H1,H,F,0.0026125265285372734,0.006127963773906231,0.0029094961937516928,0.002796642715111375,0.9154216051101685,0.002906278008595109,0.002285631140694022,0.003625695127993822,0.002671765862032771,0.008321616798639297,0.003004865488037467,0.0025214627385139465,0.002677165437489748,0.0023733405396342278,0.002957830671221018,0.004033139906823635,0.0025510608684271574,0.008125447668135166,0.0028007703367620707,0.003970788326114416
64,H1,H,K,0.005032304674386978,0.0037747034803032875,0.004712200723588467,0.012831813655793667,0.0045096189714968204,0.004523399751633406,0.014222291298210621,0.003991707693785429,0.24923840165138245,0.008932759054005146,0.003711116034537554,0.0035964155104011297,0.007902819663286209,0.6024373769760132,0.02583055943250656,0.004019812680780888,0.006858311127871275,0.005174701102077961,0.0042381323873996735,0.0049538700841367245
65,H1,H,G,0.004667766857892275,0.005571408662945032,0.014535426162183285,0.0037543419748544693,0.0031867683865129948,0.8960492610931396,0.0035125163849443197,0.003906609024852514,0.0030478457920253277,0.0032411026768386364,0.0035552142653614283,0.004076793789863586,0.00412968173623085,0.0031816805712878704,0.004297075793147087,0.00414600083604455,0.0034590461291372776,0.00506347743794322,0.004774512257426977,0.003681071335449815
66,H1,H,K,0.0036710742861032486,0.0030650736298412085,0.0036228366661816835,0.004310115706175566,0.004374720621854067,0.0060468981973826885,0.0047853379510343075,0.004204973578453064,0.04902929812669754,0.0043176631443202496,0.0039029645267874002,0.003939082846045494,0.0037160892970860004,0.004129683133214712,0.8556739091873169,0.005596513394266367,0.004754959139972925,0.003934667445719242,0.005083187483251095,0.003541834419593215
67,H1,H,A,0.06418952345848083,0.006375802680850029,0.00498585868626833,0.004820981528609991,0.03292679041624069,0.016015110537409782,0.004560430534183979,0.028906863182783127,0.004845785442739725,0.05973530188202858,0.00563769368454814,0.005270786117762327,0.0045046438463032246,0.004887900780886412,0.005092935636639595,0.006023569963872433,0.004721945617347956,0.7031737565994263,0.00559024466201663,0.0055694361217319965
68,H1,H,T,0.00844774954020977,0.0052431561052799225,0.005136387888342142,0.004222064279019833,0.005878194700926542,0.004079869017004967,0.006040562409907579,0.007673637010157108,0.004910059738904238,0.0043159062042832375,0.0054216026328504086,0.005511506460607052,0.005718979984521866,0.005284387152642012,0.006665366236120462,0.009403420612215996,0.8664006590843201,0.00590472249314189,0.00479678250849247,0.004529665689915419
69,H1,H,L,0.0036134421825408936,0.004313639365136623,0.003432809142395854,0.003347029210999608,0.02933581732213497,0.00359657546505332,0.003935740329325199,0.21066105365753174,0.003723534755408764,0.5759459137916565,0.07095445692539215,0.0037631408777087927,0.003996312618255615,0.0032960025127977133,0.005118717905133963,0.004729243461042643,0.005882653407752514,0.03504201024770737,0.004386954475194216,0.004069045651704073
70,H1,H,T,0.005886721890419722,0.004308105446398258,0.005013503134250641,0.0031171049922704697,0.004890607204288244,0.0030669178813695908,0.004112171940505505,0.005701239220798016,0.0036100682336837053,0.0035798978060483932,0.003803784726187587,0.0044601415283977985,0.004793851170688868,0.00382693181745708,0.003932314924895763,0.012997900135815144,0.8888159990310669,0.004427982494235039,0.0042245881631970406,0.003924533724784851
71,H1,H,A,0.6725077033042908,0.006175483576953411,0.005797914694994688,0.009435086511075497,0.006306524388492107,0.012658252380788326,0.007814830169081688,0.007290160749107599,0.00826797541230917,0.007571727968752384,0.005519057624042034,0.006199751514941454,0.006035918835550547,0.009770638309419155,0.15416614711284637,0.01102516520768404,0.013409907929599285,0.0058264355175197124,0.008899882435798645,0.005498031619936228
72,H1,H,D,0.004482311196625233,0.003198276273906231,0.9063541889190674,0.0062909722328186035,0.003199908649548888,0.005191250704228878,0.004121050704270601,0.0030830807518213987,0.003121052635833621,0.0034263217821717262,0.003408395452424884,0.006444293074309826,0.003624133998528123,0.0033639015164226294,0.0032443073578178883,0.003486494068056345,0.003167839953675866,0.003913094289600849,0.003484757151454687,0.005008012987673283
73,H1,H,K,0.014997722581028938,0.005520867183804512,0.006056380923837423,0.011861095204949379,0.006344681140035391,0.00604596734046936,0.006963287014514208,0.010459174402058125,0.3811749815940857,0.007235995959490538,0.007753279991447926,0.005343600641936064,0.011980474926531315,0.006213626824319363,0.009987576864659786,0.010549934580922127,0.44563549757003784,0.007937260903418064,0.005508875474333763,0.00578059908002615
74,H1,H,S,0.006608872674405575,0.003998839296400547,0.0037858569994568825,0.0031518912874162197,0.0063667926006019115,0.0033818003721535206,0.0032974304631352425,0.003178446786478162,0.0032185243908315897,0.0045676757581532,0.003489584429189563,0.0031171650625765324,0.0059953248128294945,0.0030360452365130186,0.0033736119512468576,0.9025757908821106,0.0060204979963600636,0.003582215867936611,0.0037262155674397945,0.0056129200384020805
75,H1,H,S,0.07065849006175995,0.005248635075986385,0.005007184110581875,0.005968326702713966,0.00452050007879734,0.00483951810747385,0.004752635024487972,0.02042165957391262,0.00857970304787159,0.006387862376868725,0.009703819639980793,0.007057545240968466,0.008922062814235687,0.004965238738805056,0.011290540918707848,0.22091016173362732,0.5592751502990723,0.012064765207469463,0.004208452999591827,0.0037625145632773638
76,H1,H,S,0.004484599456191063,0.0041597336530685425,0.006451427936553955,0.003619699738919735,0.00401666946709156,0.00769904674962163,0.004083585925400257,0.004671244416385889,0.00484197773039341,0.0039117648266255856,0.004113016650080681,0.013449886813759804,0.003696638625115156,0.00404362753033638,0.009801476262509823,0.873515248298645,0.012131137773394585,0.0032815085723996162,0.0038563907146453857,0.004397452808916569
77,H1,H,T,0.006704677827656269,0.0044679888524115086,0.004369637928903103,0.0034615190234035254,0.004201097413897514,0.003730626543983817,0.004575774073600769,0.005935986060649157,0.004296361934393644,0.0035458679776638746,0.004849160555750132,0.004793019965291023,0.005269940011203289,0.004906559828668833,0.005280590150505304,0.005419701337814331,0.8866958022117615,0.0044233533553779125,0.0046900538727641106,0.0042262813076376915
78,H1,H,A,0.8861158490180969,0.003492628922685981,0.00400676392018795,0.003690659999847412,0.005059650633484125,0.00505475327372551,0.003466599388048053,0.004108182154595852,0.0027277697809040546,0.004228968173265457,0.003510725684463978,0.003677984466776252,0.0033344989642500877,0.003514355281367898,0.003253120230510831,0.005493508651852608,0.00563093414530158,0.023073088377714157,0.004841881804168224,0.003974874038249254
79,H1,H,Y,0.00372835504822433,0.00394783029332757,0.0060207839123904705,0.004274995531886816,0.005532205104827881,0.0034724061843007803,0.005498358979821205,0.004350111819803715,0.0038243450690060854,0.0039183408953249454,0.004143841098994017,0.004278646316379309,0.004092635586857796,0.004072792362421751,0.0037605685647577047,0.0050826589576900005,0.003815234638750553,0.004093897063285112,0.004118765704333782,0.8952751159667969
80,H1,H,M,0.0044928621500730515,0.003935040440410376,0.003272747155278921,0.0041098627261817455,0.0035931174643337727,0.0035427575930953026,0.003930629231035709,0.006885941606014967,0.0037799268029630184,0.011247736401855946,0.8945824503898621,0.0037629485595971346,0.00270458054728806,0.0034970762208104134,0.0065422398038208485,0.0032290553208440542,0.0038402853533625603,0.006383662577718496,0.0038877474144101143,0.003377081360667944
81,H1,H,Q,0.009792509488761425,0.005321556702256203,0.04779297485947609,0.6786198616027832,0.006666515022516251,0.01721050776541233,0.008233570493757725,0.004972389899194241,0.007275298237800598,0.004957101307809353,0.005222156178206205,0.0060997288674116135,0.005910371895879507,0.1252627670764923,0.006023268681019545,0.005357300862669945,0.004853546619415283,0.00839573796838522,0.007570103742182255,0.005332049913704395
82,H1,H,L,0.0031208526343107224,0.0035038196947425604,0.0032386158127337694,0.0033525892067700624,0.005089822690933943,0.0034066825173795223,0.003607946215197444,0.005676608067005873,0.0034629064612090588,0.8881974220275879,0.008903476409614086,0.0036979541182518005,0.004563314374536276,0.004011909943073988,0.006483662407845259,0.0031552803702652454,0.003179047955200076,0.01764683984220028,0.0037333837244659662,0.0033147186040878296
83,H1,H,S,0.0035180519334971905,0.0035198188852518797,0.004179690964519978,0.0031224798876792192,0.004069435875862837,0.005318144802004099,0.003831577254459262,0.004222084768116474,0.0034395039547234774,0.0028499469626694918,0.002823654795065522,0.008056649938225746,0.0032308960799127817,0.0028596583288162947,0.011371073313057423,0.8985147476196289,0.00798574648797512,0.00286573963239789,0.0034857140854001045,0.004179599229246378
84,H1,H,S,0.0050209746696054935,0.004751673899590969,0.005539266392588615,0.004203974734991789,0.004609502851963043,0.011047571897506714,0.004253207240253687,0.005111688748002052,0.0037728557363152504,0.004706825129687786,0.00438237190246582,0.008015243336558342,0.004231695085763931,0.0044739702716469765,0.00911475159227848,0.8766261339187622,0.00536176236346364,0.004057728685438633,0.003790520364418626,0.0042154546827077866
85,H1,H,L,0.0047316960990428925,0.004717111587524414,0.004399268422275782,0.004181114491075277,0.004252781625837088,0.003941369242966175,0.0046975319273769855,0.004305715672671795,0.003543788567185402,0.8904756307601929,0.0052103083580732346,0.0044095213524997234,0.005527269560843706,0.004553941544145346,0.005721111781895161,0.003803714644163847,0.0036891503259539604,0.005642693489789963,0.004616042133420706,0.00458642328158021
86,H1,H,T,0.004541338421404362,0.0031950201373547316,0.002870631404221058,0.004454473499208689,0.003007719060406089,0.006591580808162689,0.0026323774363845587,0.004678853787481785,0.020936787128448486,0.0027098360005766153,0.004060445819050074,0.003720618551596999,0.0025850962847471237,0.004477372393012047,0.1653028428554535,0.006682959385216236,0.7325243353843689,0.0029470897279679775,0.004015316721051931,0.003284048056229949
87,H1,H,S,0.00830434076488018,0.0037227163556963205,0.0033874097280204296,0.003388506593182683,0.00935409776866436,0.003252746071666479,0.0028872310649603605,0.0035730728413909674,0.0027041849680244923,0.004204100929200649,0.0032087520230561495,0.0031493641436100006,0.0067406948655843735,0.0031196149066090584,0.003427967196330428,0.8982537984848022,0.005509557202458382,0.00414652144536376,0.003239034442231059,0.008269764482975006
88,H1,H,E,0.006875781808048487,0.003480785060673952,0.0216240044683218,0.8885534405708313,0.003026131773367524,0.007125364150851965,0.0037007119972258806,0.0027576324064284563,0.0037087551318109035,0.003174522425979376,0.003928960766643286,0.003745674155652523,0.003205999732017517,0.004907614551484585,0.003926014993339777,0.003229408757761121,0.0032030444126576185,0.003982795402407646,0.0037061795592308044,0.003928059712052345
89,H1,H,D,0.005709102842956781,0.0035409973934292793,0.903675377368927,0.00639398954808712,0.0034088545944541693,0.005674019455909729,0.004186597652733326,0.0032381429336965084,0.0033617133740335703,0.0032366253435611725,0.004002342000603676,0.004692831076681614,0.003598358714953065,0.0035382260102778673,0.003541161073371768,0.0032686686608940363,0.0033572649117559195,0.003928140737116337,0.0036382933612912893,0.004756533075124025
90,H1,H,S,0.012232745066285133,0.004804015625268221,0.004245263524353504,0.004629691131412983,0.004075217992067337,0.004893128294497728,0.004141591023653746,0.006713924929499626,0.0052984184585511684,0.005001761484891176,0.007021155208349228,0.005450849886983633,0.007005206774920225,0.004416346549987793,0.005718699190765619,0.17998157441616058,0.6991835236549377,0.004260771907866001,0.004234167281538248,0.004293656907975674
91,H1,H,A,0.8950791358947754,0.004276481922715902,0.0039693997241556644,0.0045707314275205135,0.003941718488931656,0.006931687239557505,0.004303161986172199,0.003760005347430706,0.003395089181140065,0.0038059947546571493,0.0045012617483735085,0.004025478847324848,0.0036656877491623163,0.004571686498820782,0.004108146298676729,0.004656602628529072,0.0045968773774802685,0.0034168714191764593,0.0049176583997905254,0.004297995939850807
92,H1,H,V,0.004032456781715155,0.0029925291892141104,0.0027469650376588106,0.003235992044210434,0.005499856546521187,0.004125916864722967,0.0027675488963723183,0.015466495417058468,0.0033007634337991476,0.010544306598603725,0.01168833114206791,0.002946630585938692,0.0028391878586262465,0.0026257005520164967,0.00344327325001359,0.002827400341629982,0.004872089251875877,0.8916130065917969,0.004219517111778259,0.003515365533530712
93,H1,H,Y,0.003777130739763379,0.004268635995686054,0.005281317047774792,0.004009651485830545,0.0058030118234455585,0.0038419433403760195,0.0038248756900429726,0.004161024000495672,0.0038956920616328716,0.003542487509548664,0.003894477616995573,0.0036787716671824455,0.004026563838124275,0.0039898427203297615,0.0037366861943155527,0.003858676180243492,0.0038945479318499565,0.004117074888199568,0.0040246727876365185,0.9013206958770752
94,H1,H,Y,0.0037326563615351915,0.0049083419144153595,0.005308104213327169,0.004470368381589651,0.017321400344371796,0.0037905527278780937,0.004783290904015303,0.004987501073628664,0.004109672736376524,0.004731675144284964,0.0041005294770002365,0.0038029036950320005,0.004005034454166889,0.00430731475353241,0.004189682193100452,0.005213919561356306,0.004161224700510502,0.005133428145200014,0.0044530886225402355,0.879889726638794
95,H1,H,C,0.004028479102998972,0.9004114866256714,0.0036981189623475075,0.0037785330787301064,0.0047766887582838535,0.006963443011045456,0.003595471614971757,0.003644901793450117,0.003557592863216996,0.003720291191712022,0.0037286828737705946,0.0037816246040165424,0.0037337143439799547,0.0037447260692715645,0.004962096456438303,0.004022854845970869,0.0035687300842255354,0.004017199855297804,0.006391178350895643,0.0044527817517519
96,H1,H,A,0.8970972895622253,0.003636179957538843,0.0032764014322310686,0.004791047889739275,0.0036772529128938913,0.004832832608371973,0.00392425712198019,0.003628755919635296,0.003650625701993704,0.003826833562925458,0.004004805814474821,0.0038920496590435505,0.0030934156384319067,0.004248816519975662,0.004179820418357849,0.004547017626464367,0.006789654493331909,0.00800680834800005,0.0047958591021597385,0.0036625254433602095
97,H1,H,R,0.008489635773003101,0.004436845891177654,0.004613226745277643,0.0047581554390490055,0.00448961928486824,0.008756570518016815,0.004289369564503431,0.006156077608466148,0.008039857260882854,0.005492490250617266,0.004462170414626598,0.004308659583330154,0.004250157158821821,0.004155217669904232,0.8704794645309448,0.009847210720181465,0.009759679436683655,0.006290259771049023,0.004614001139998436,0.003975365310907364
98,H1,H,K,0.0905647948384285,0.007082299329340458,0.19254155457019806,0.10242380201816559,0.012082992121577263,0.1388276219367981,0.013587004505097866,0.014152769930660725,0.15411202609539032,0.01939965784549713,0.00914632435888052,0.015501142479479313,0.016002867370843887,0.014191973023116589,0.022281363606452942,0.039242424070835114,0.02435782551765442,0.06915175914764404,0.011765606701374054,0.010507467202842236
99,H1,H,T,0.03529733046889305,0.00528535945340991,0.022785212844610214,0.0316702239215374,0.012946227565407753,0.10225630551576614,0.01473735086619854,0.015327255241572857,0.0241235438734293,0.03437924385070801,0.01144458819180727,0.015686482191085815,0.03494201600551605,0.017938168719410896,0.06595425307750702,0.036833733320236206,0.4331488609313965,0.03252078592777252,0.014982120133936405,0.014641997404396534
100,H1,H,E,0.0323491245508194,0.0048314970917999744,0.0317871980369091,0.41176533699035645,0.015753474086523056,0.10575924068689346,0.02012753300368786,0.017390910536050797,0.022228341549634933,0.031104130670428276,0.011134160682559013,0.02607523463666439,0.03401188924908638,0.017169009894132614,0.050750091671943665,0.03445110097527504,0.02844926342368126,0.028514916077256203,0.014599572867155075,0.04079395532608032
101,H1,H,D,0.03197750821709633,0.024927739053964615,0.4721151888370514,0.02185598574578762,0.016766704618930817,0.09306640177965164,0.01033389288932085,0.01297038048505783,0.012192707508802414,0.023667437955737114,0.007889441214501858,0.015471657738089561,0.018969425931572914,0.01043172087520361,0.04482214152812958,0.03749392554163933,0.028840122744441032,0.034986626356840134,0.02445814572274685,0.036608099937438965
102,H1,H,G,0.01414463110268116,0.0077126361429691315,0.01871350035071373,0.009594188071787357,0.026975421234965324,0.5575406551361084,0.01845397613942623,0.008715777657926083,0.007435601670295,0.018400557339191437,0.005595637485384941,0.01630454696714878,0.01217774860560894,0.007113756146281958,0.01979239657521248,0.032054491341114044,0.013974902220070362,0.013284372165799141,0.011199180968105793,0.15942303836345673
103,H1,H,G,0.011022021993994713,0.00437913415953517,0.014793998561799526,0.007139038760215044,0.016704963520169258,0.761445939540863,0.007597003597766161,0.007120313588529825,0.006151498761028051,0.011639471165835857,0.0044333175756037235,0.014438205398619175,0.009023088961839676,0.004185023717582226,0.013907327316701412,0.027013614773750305,0.011108103208243847,0.010500229895114899,0.007914628833532333,0.029890328645706177
104,H1,H,D,0.01549847424030304,0.005685778334736824,0.5612432956695557,0.011798069812357426,0.018629446625709534,0.05492044612765312,0.015443786047399044,0.01212991215288639,0.010250274091959,0.016536854207515717,0.005356033332645893,0.07525899261236191,0.011312770657241344,0.008630012162029743,0.01721092313528061,0.03574937954545021,0.017065415158867836,0.01775836944580078,0.010277196764945984,0.06010306626558304
105,H1,H,W,0.011101308278739452,0.04528772830963135,0.02098623476922512,0.0073446608148515224,0.029635313898324966,0.021757179871201515,0.021419350057840347,0.008182418532669544,0.007782390341162682,0.017965974286198616,0.005129498429596424,0.019604800269007683,0.014249284751713276,0.008585247211158276,0.017533328384160995,0.03265875577926636,0.010417294688522816,0.010321577079594135,0.4611327648162842,0.20875562727451324
106,H1,H,Y,0.008667808026075363,0.0036944414023309946,0.0073568448424339294,0.0035110684111714363,0.00677374005317688,0.010153680108487606,0.0041894675232470036,0.004619329236447811,0.0028792733792215586,0.009105012752115726,0.003707983298227191,0.0045858449302613735,0.009302393533289433,0.002856787759810686,0.004014338366687298,0.006367246620357037,0.0049461801536381245,0.008221320807933807,0.0031897074077278376,0.8793796300888062
107,H1,H,F,0.006497408263385296,0.004661871585994959,0.015721771866083145,0.004557181149721146,0.8409634828567505,0.013436263427138329,0.005070434883236885,0.0056499335914850235,0.0023588405456393957,0.02058671973645687,0.007756921462714672,0.005443586502224207,0.00625744741410017,0.003585267812013626,0.004327788017690182,0.008087755180895329,0.005533554591238499,0.011649000458419323,0.0037027914077043533,0.008988755755126476
108,H1,H,N,0.021405842155218124,0.00817800872027874,0.3879247307777405,0.025286484509706497,0.01185678318142891,0.038161031901836395,0.011227106675505638,0.008671057410538197,0.009300901554524899,0.011545529589056969,0.006258638110011816,0.20948095619678497,0.018727310001850128,0.011221772991120815,0.009956922382116318,0.012112980708479881,0.009971055202186108,0.012649942189455032,0.12927371263504028,0.012439039535820484
109,H1,H,V,0.005101704970002174,0.0061032953672111034,0.005773718468844891,0.004475199151784182,0.01537027396261692,0.006867752410471439,0.0117415776476264,0.016621556133031845,0.004028474446386099,0.242601215839386,0.006363671272993088,0.010906334035098553,0.014066698960959911,0.00544431246817112,0.00815572403371334,0.017752258107066154,0.0057912664487957954,0.5151942372322083,0.005045416299253702,0.06906089186668396
110,H1,H,W,0.003722664900124073,0.004726317245513201,0.0032258820720016956,0.003472392912954092,0.003938009962439537,0.006014416925609112,0.0036767565179616213,0.0036919834092259407,0.0036887682508677244,0.004205275326967239,0.004011066164821386,0.0034228807780891657,0.0033932379446923733,0.0038511999882757664,0.005034719128161669,0.0033783346880227327,0.0035867448896169662,0.003791854251176119,0.9057527184486389,0.0037238718941807747
111,H1,H,G,0.004882081877440214,0.004472948145121336,0.0043483879417181015,0.004762891214340925,0.004656221251934767,0.8943146467208862,0.004211468156427145,0.004162482917308807,0.004544414114207029,0.0035638504195958376,0.004490348044782877,0.004007349722087383,0.004576458595693111,0.0038182828575372696,0.004618932958692312,0.004335470963269472,0.0036742836236953735,0.004230346996337175,0.0047815116122365,0.004003128968179226
112,H1,H,A,0.15954390168190002,0.00555818947032094,0.007279292214661837,0.012942218221724033,0.007437717169523239,0.010369278490543365,0.00973906647413969,0.010860580019652843,0.1217489093542099,0.00766931613907218,0.0074182613752782345,0.013265865854918957,0.014494297094643116,0.039258480072021484,0.2107539027929306,0.010013149119913578,0.29639390110969543,0.00763297313824296,0.009320641867816448,0.006112631410360336
113,H1,H,G,0.0052179195918142796,0.004424350336194038,0.0042427717708051205,0.005450565367937088,0.00505999056622386,0.8740096092224121,0.0041485074907541275,0.004269719589501619,0.0035185120068490505,0.017243225127458572,0.006413313560187817,0.0036986898630857468,0.005334185436367989,0.004058862570673227,0.006470407359302044,0.0041898940689861774,0.004908766131848097,0.0058419955894351006,0.004903041757643223,0.004149551969021559
114,H1,H,T,0.005981472320854664,0.004443980287760496,0.00469820573925972,0.004781362134963274,0.004381936974823475,0.004791636951267719,0.004063145723193884,0.005136128980666399,0.0037477281875908375,0.004874043166637421,0.00425734044983983,0.004273890983313322,0.004063897766172886,0.004199256654828787,0.004185885656625032,0.006371016148477793,0.8898720145225525,0.00607644347473979,0.0039559463039040565,0.004609687719494104
115,H1,H,T,0.006955156568437815,0.005843066144734621,0.007190751377493143,0.0071994042955338955,0.006792861502617598,0.00950605608522892,0.007586304098367691,0.007918929681181908,0.006397569552063942,0.5335636734962463,0.014800244010984898,0.005548514425754547,0.016863558441400528,0.011417819187045097,0.015937916934490204,0.00854125339537859,0.2700422406196594,0.01410617120563984,0.007041948847472668,0.00616139592602849
116,H1,H,V,0.0046964287757873535,0.0036720202770084143,0.004586231894791126,0.003641769988462329,0.004263769835233688,0.005233124829828739,0.003811228321865201,0.006518085487186909,0.003623735625296831,0.004874628037214279,0.0037927236407995224,0.0034782355651259422,0.0037400133442133665,0.004128614906221628,0.0035906373523175716,0.003719433443620801,0.0033970465883612633,0.9022201299667358,0.0038406604435294867,0.003754988079890609
117,H1,H,T,0.004553691018372774,0.003379837376996875,0.0032424211967736483,0.003764518303796649,0.003653396852314472,0.0037949485704302788,0.0033811847679316998,0.005206070840358734,0.002896697260439396,0.0034623132087290287,0.002880366053432226,0.003425224917009473,0.003457441460341215,0.003485131775960326,0.0028858266305178404,0.007636302150785923,0.9116597771644592,0.003569470951333642,0.0029571866616606712,0.0038724886253476143
118,H1,H,V,0.004816452972590923,0.004332086071372032,0.005347790662199259,0.003578268690034747,0.004253795370459557,0.006340587977319956,0.004523583687841892,0.004423458594828844,0.0043171606957912445,0.003339816816151142,0.003970865160226822,0.004302965011447668,0.004380819853395224,0.0036699939519166946,0.004538312088698149,0.006358682177960873,0.0037485824432224035,0.8946695923805237,0.0042096832767128944,0.003966355696320534
119,H1,H,S,0.005656361114233732,0.003952376544475555,0.004214300308376551,0.004244606010615826,0.004053316544741392,0.004129396285861731,0.004155265167355537,0.0036289473064243793,0.004120338708162308,0.004190574400126934,0.004140538163483143,0.004080674145370722,0.004717756062746048,0.004165940918028355,0.0038003830704838037,0.8941038846969604,0.00446200929582119,0.0043621729128062725,0.004188999999314547,0.004625879693776369
0,L1,L,Q,0.0026454878970980644,0.004002394154667854,0.12001486867666245,0.7356711626052856,0.009664484299719334,0.003702654503285885,0.004407950211316347,0.004088295623660088,0.004210144747048616,0.00434629013761878,0.008546700701117516,0.003550955094397068,0.004064404871314764,0.037362027913331985,0.003446040442213416,0.00436000432819128,0.0036289114505052567,0.0034276414662599564,0.00562624167650938,0.007773170713335276
1,L1,L,I,0.0020562419667840004,0.0030595785938203335,0.00381977460347116,0.003669136669486761,0.003378906985744834,0.0031722434796392918,0.004048305097967386,0.9020835161209106,0.002501080511137843,0.0046698288060724735,0.004895967431366444,0.007818377576768398,0.002999124815687537,0.005912493914365768,0.0034942631609737873,0.006980849429965019,0.007622900884598494,0.007611976005136967,0.0021146624349057674,0.004007481969892979
2,L1,L,V,0.007586249150335789,0.0033249077387154102,0.003698499873280525,0.006656017154455185,0.0031889097299426794,0.006041704211384058,0.002727540908381343,0.006162291392683983,0.0021256490144878626,0.011558308266103268,0.006255281623452902,0.0030001522973179817,0.0050908164121210575,0.004282096400856972,0.0025213726330548525,0.004002479370683432,0.003920761868357658,0.8972129225730896,0.0027265085373073816,0.0031604475807398558
3,L1,L,L,0.0021235840395092964,0.0013292432995513082,0.0009714945335872471,0.0009011075017042458,0.00302750407718122,0.0010717717232182622,0.0015488098142668605,0.0018689135322347283,0.0015145759098231792,0.9378932118415833,0.012867947109043598,0.0012309973826631904,0.003368726698681712,0.0014483268605545163,0.001386502874083817,0.003005411010235548,0.007335380185395479,0.006149554159492254,0.0017768049146980047,0.0014612386003136635
4,L1,L,S,0.009047332219779491,0.005946462508291006,0.009311160072684288,0.0054749129340052605,0.004396173637360334,0.004035573452711105,0.0062838345766067505,0.010903049260377884,0.007797402795404196,0.004922111984342337,0.006450830493122339,0.010004294104874134,0.014082251116633415,0.006496013607829809,0.004554274026304483,0.09473402053117752,0.7526642084121704,0.0040048882365226746,0.004612962249666452,0.005349443294107914
5,L1,L,Q,0.002293899655342102,0.0028511788696050644,0.00382063677534461,0.00300750439055264,0.0037748338654637337,0.00267963157966733,0.0063927085138857365,0.0030366333667188883,0.003905101679265499,0.004975594114512205,0.003197294659912586,0.003062759293243289,0.004392177797853947,0.9170503616333008,0.0028746428433805704,0.004083182662725449,0.003681025467813015,0.0041094012558460236,0.0030403973069041967,0.0025058819446712732
6,L1,L,S,0.0015347368316724896,0.002716819988563657,0.003553668735548854,0.0017889617010951042,0.004742720630019903,0.002224896103143692,0.0020094856154173613,0.0015506340423598886,0.002528107725083828,0.001983250491321087,0.002050326205790043,0.0025440570898354053,0.0033312516752630472,0.0020070052705705166,0.0018827407620847225,0.9432117342948914,0.0040067825466394424,0.002356593729928136,0.0017254293197765946,0.002589116571471095
7,L1,L,P,0.0026271475944668055,0.0023461738601326942,0.002387353917583823,0.002482130890712142,0.0034903271589428186,0.002109683584421873,0.0030270658899098635,0.0026062470860779285,0.0035830875858664513,0.005096840672194958,0.0031045847572386265,0.0030577005818486214,0.921524703502655,0.003705492476001382,0.00393266137689352,0.0042561255395412445,0.005057384259998798,0.0037776019889861345,0.0032655075192451477,0.002617600606754422
8,L1,L,A,0.8107395172119141,0.002127270447090268,0.10931243002414703,0.005657429341226816,0.002824631752446294,0.025439126417040825,0.002663451014086604,0.001305422163568437,0.0019429236417636275,0.0013292093062773347,0.0010636509396135807,0.003283396130427718,0.001712652388960123,0.0019775982946157455,0.001170781091786921,0.007816225290298462,0.0037206532433629036,0.0035372741986066103,0.0012363697169348598,0.0028796973638236523
9,L1,L,I,0.010524990037083626,0.008053283207118511,0.00465560844168067,0.0060239629819989204,0.039003390818834305,0.009293416514992714,0.0066797067411243916,0.33539775013923645,0.009164547547698021,0.02118474431335926,0.012640513479709625,0.008360611274838448,0.023486413061618805,0.006600705906748772,0.012175816111266613,0.060196541249752045,0.3548080027103424,0.01366245374083519,0.010419916361570358,0.006697166711091995
10,L1,L,L,0.002666797721758485,0.003204250941053033,0.0020022138487547636,0.006568999029695988,0.0025846417993307114,0.0030760117806494236,0.004392039030790329,0.002238472690805793,0.005846579093486071,0.8961631059646606,0.007350025698542595,0.001738710911013186,0.0031193355098366737,0.021115781739354134,0.004531988874077797,0.0014585390454158187,0.006192952860146761,0.004731528460979462,0.0033480380661785603,0.0027362422551959753
11,L1,L,S,0.004796327091753483,0.0031917672604322433,0.0025049711111932993,0.0032397990580648184,0.00314628379419446,0.004343944601714611,0.0021372144110500813,0.0011179113062098622,0.0024845516309142113,0.002706766128540039,0.002020372310653329,0.0023600864224135876,0.0034908652305603027,0.0018275236943736672,0.0013185417046770453,0.937825083732605,0.0018744455883279443,0.0021555302664637566,0.002927182475104928,0.0033646500669419765
12,L1,L,A,0.20361866056919098,0.004005217459052801,0.002900824649259448,0.01045185886323452,0.012348856776952744,0.007024181541055441,0.003325442550703883,0.003647265024483204,0.0043276152573525906,0.42907285690307617,0.0070602805353701115,0.0020756234880536795,0.003657643450424075,0.007174008060246706,0.0078207328915596,0.005690037738531828,0.0022099819034337997,0.2524960935115814,0.004855690989643335,0.00554816285148263
13,L1,L,S,0.002552933758124709,0.0024767525028437376,0.004062634892761707,0.002738177077844739,0.0075413817539811134,0.002073514275252819,0.002215695334598422,0.0022953867446631193,0.005514050368219614,0.0024773890618234873,0.002741772448644042,0.004133956506848335,0.004266190808266401,0.0029890071600675583,0.00187291472684592,0.9157403111457825,0.01548959780484438,0.0016753352247178555,0.0015976757276803255,0.002902704756706953
14,L1,L,P,0.0025427110958844423,0.001572167151607573,0.0017877330537885427,0.0016247151652351022,0.0021993035916239023,0.003345344215631485,0.00224433490075171,0.0015297271311283112,0.0025268171448260546,0.008557023480534554,0.0017725677462294698,0.0028434908017516136,0.938007652759552,0.004244641400873661,0.0024911253713071346,0.004033031407743692,0.003043461823835969,0.001323680393397808,0.001902361516840756,0.0020088159944862127
15,L1,L,G,0.0033939117565751076,0.004122130572795868,0.004544218070805073,0.00402439571917057,0.0031089461408555508,0.8932387828826904,0.003281567944213748,0.003880732925608754,0.00922970101237297,0.002942075254395604,0.004187509883195162,0.004243943840265274,0.0026235561817884445,0.005833169911056757,0.010066225193440914,0.006024111062288284,0.004934356082230806,0.0028948539402335882,0.004835186991840601,0.004583350382745266
16,L1,L,E,0.002746728016063571,0.0028338360134512186,0.009071982465684414,0.9122292995452881,0.0033616600558161736,0.006009535398334265,0.00302870268933475,0.002960971789434552,0.004633508622646332,0.0016192442271858454,0.0027675924357026815,0.004180524498224258,0.003035477828234434,0.005766351241618395,0.00535862660035491,0.0023322009947150946,0.0058216373436152935,0.0032802612986415625,0.0033426275476813316,0.002614586381241679
17,L1,L,K,0.004970388952642679,0.005417600739747286,0.003573930822312832,0.008080524392426014,0.0039517576806247234,0.026303371414542198,0.0038265585899353027,0.009870565496385098,0.501652717590332,0.0022217975929379463,0.0061580706387758255,0.011902175843715668,0.004732470493763685,0.006761421449482441,0.3087306618690491,0.021830320358276367,0.019352832809090614,0.013656815513968468,0.0054954527877271175,0.006536479108035564
18,L1,L,V,0.10108980536460876,0.0039255255833268166,0.004195147193968296,0.0024860878475010395,0.0031638755463063717,0.007996571250259876,0.00420968746766448,0.005059968680143356,0.003526757238432765,0.0026446226984262466,0.004377841483801603,0.0025232075713574886,0.005272784270346165,0.00406501954421401,0.007561689708381891,0.00588503573089838,0.007982391864061356,0.7991639375686646,0.003597673261538148,0.0027389510069042444
19,L1,L,T,0.0044101532548666,0.0009013376547954977,0.001308258157223463,0.0009304157574661076,0.002176486188545823,0.0008198910509236157,0.0013458655448630452,0.006835752632468939,0.001785332104191184,0.0043725003488361835,0.001982257468625903,0.0016255400842055678,0.0016186684370040894,0.0010282222647219896,0.0012356005609035492,0.0026176266837865114,0.9530924558639526,0.002715031150728464,0.0013890303671360016,0.0013733741361647844
20,L1,L,M,0.006009221076965332,0.00475480267778039,0.005266131833195686,0.005518761463463306,0.01668642833828926,0.0031976974569261074,0.008189466781914234,0.038822729140520096,0.006416563410311937,0.7641758918762207,0.03876061365008354,0.005601273849606514,0.01369190588593483,0.004799122456461191,0.011551918461918831,0.010417106561362743,0.006278617773205042,0.01642869971692562,0.003389819758012891,0.005440691020339727
21,L1,L,T,0.007166073191910982,0.020898019894957542,0.011042905040085316,0.007877825759351254,0.018415125086903572,0.006325467023998499,0.012128448113799095,0.008678932674229145,0.007802507374435663,0.00434453459456563,0.006844413001090288,0.015975356101989746,0.0076272268779575825,0.013183402828872204,0.015455943532288074,0.2846906781196594,0.4896618127822876,0.002984796417877078,0.006968346890062094,0.014460519887506962
22,L1,L,C,0.002618991769850254,0.917150616645813,0.002862540539354086,0.002983745886012912,0.0042780921794474125,0.004182076547294855,0.003799114841967821,0.0026052778121083975,0.002921697683632374,0.003292069071903825,0.0030659320764243603,0.0031692746561020613,0.0031846340280026197,0.006269732490181923,0.00454682344570756,0.005019030068069696,0.0026641800068318844,0.002842831425368786,0.0033277757465839386,0.003823183011263609
23,L1,L,R,0.007215370424091816,0.0031029253732413054,0.003770169336348772,0.002119587967172265,0.003021092852577567,0.01177986990660429,0.002627799054607749,0.002468959428369999,0.0068753557279706,0.0013631469337269664,0.0033660181798040867,0.0033941057045012712,0.0038760164752602577,0.0025134088937193155,0.9166817665100098,0.005200561601668596,0.0035082774702459574,0.001197161851450801,0.0030011909548193216,0.0014840730000287294
24,L1,L,A,0.9290807843208313,0.0023568784818053246,0.003510728944092989,0.002661756705492735,0.002487215679138899,0.002215018030256033,0.0024634122382849455,0.0024655088782310486,0.0021386805456131697,0.0014564208686351776,0.002271350473165512,0.001520305871963501,0.004472995642572641,0.002322318498045206,0.005980468820780516,0.008434315212070942,0.00709337554872036,0.002774091437458992,0.0018599352333694696,0.002217481378465891
25,L1,L,S,0.0028635712806135416,0.003440386150032282,0.004435355309396982,0.00284465029835701,0.002823818940669298,0.007450887002050877,0.00284727755934,0.0032677899580448866,0.0027920850552618504,0.00291550625115633,0.0029285827185958624,0.006620629690587521,0.002909470582380891,0.0025373296812176704,0.006585202645510435,0.9133041501045227,0.006463462021201849,0.0033865778241306543,0.0029285785276442766,0.002864885376766324
26,L1,L,S,0.002326542278751731,0.005959535948932171,0.0074060154147446156,0.026651235297322273,0.005283160600811243,0.003186370711773634,0.02563297748565674,0.0033039457630366087,0.01365630142390728,0.014021134935319424,0.00506123062223196,0.005476935766637325,0.005232641939073801,0.7889089584350586,0.014508182182908058,0.03172055631875992,0.00256822956725955,0.004541431553661823,0.005809423979371786,0.003726282622665167
27,L1,L,S,0.0010038868058472872,0.0019149241270497441,0.0023111077025532722,0.0014020076487213373,0.002881414256989956,0.003802219405770302,0.0025386398192495108,0.003417406929656863,0.0025596441701054573,0.0008457021904177964,0.002466480480507016,0.012022368609905243,0.002933612558990717,0.002027288544923067,0.009190539829432964,0.9242385625839233,0.01061367616057396,0.001826872699894011,0.0012317410437390208,0.002672657836228609
28,L1,L,V,0.00367336836643517,0.0040699453093111515,0.0053738318383693695,0.0022735255770385265,0.009357897564768791,0.010546858422458172,0.003534421557560563,0.024275699630379677,0.003883606055751443,0.027943674474954605,0.003930672071874142,0.006852857302874327,0.0025101073551923037,0.0020695070270448923,0.007674056105315685,0.009434103034436703,0.003612037282437086,0.8457813262939453,0.00289144366979599,0.004121774807572365
29,L1,L,S,0.002354016527533531,0.0030967809725552797,0.008947289548814297,0.002710892353206873,0.002029487630352378,0.012788800522685051,0.00368302664719522,0.0037932766135782003,0.007442384492605925,0.003188695292919874,0.0026130746118724346,0.041423410177230835,0.0018871343927457929,0.0024155110586434603,0.00899779237806797,0.8555327653884888,0.012828727252781391,0.002916174242272973,0.0029957378283143044,0.00783022865653038
30,L1,L,Y,0.005331145599484444,0.004231847822666168,0.006747914012521505,0.00344389327801764,0.012699981220066547,0.014111703261733055,0.010579514317214489,0.0036631920374929905,0.012009003199636936,0.00693791639059782,0.0021676153410226107,0.018835101276636124,0.008876671083271503,0.0026507000438869,0.015174545347690582,0.03192053735256195,0.008281038142740726,0.003971635363996029,0.008784621022641659,0.8031184077262878
31,L1,L,I,0.017610596492886543,0.010507749393582344,0.005457268096506596,0.008672920987010002,0.028475895524024963,0.0067289238795638084,0.007100476883351803,0.1704920381307602,0.006327955052256584,0.43138444423675537,0.010292134247720242,0.014950686134397984,0.0128698218613863,0.005073008593171835,0.04089044779539108,0.06298062205314636,0.012446141801774502,0.08195813000202179,0.012379519641399384,0.011944800615310669
32,L1,L,H,0.14500217139720917,0.008669430390000343,0.013956747949123383,0.005891621112823486,0.019474899396300316,0.019835002720355988,0.5257475972175598,0.003869003616273403,0.007116037420928478,0.0063249170780181885,0.0023485333658754826,0.06919259577989578,0.010551558807492256,0.005087269004434347,0.01026680413633585,0.06889333575963974,0.012353451922535896,0.005841352511197329,0.009119213558733463,0.031096458435058594
33,L1,L,W,0.001882135751657188,0.008855804800987244,0.004766339901834726,0.0035422879736870527,0.0042043630965054035,0.00672230264171958,0.0023235133849084377,0.002716310787945986,0.002868423005566001,0.005863696336746216,0.0021205085795372725,0.0020223192404955626,0.003494580974802375,0.0028820866718888283,0.004861221183091402,0.005242316517978907,0.0021007517352700233,0.0028049745596945286,0.9160982370376587,0.001995963277295232
34,L1,L,F,0.005828781519085169,0.010842145420610905,0.011907131411135197,0.0039165387861430645,0.4688440263271332,0.006360514555126429,0.01003172155469656,0.004475208465009928,0.0049709128215909,0.0075672888197004795,0.003956892061978579,0.004461944568902254,0.008330462500452995,0.004790659993886948,0.004182243254035711,0.009902828373014927,0.007972653955221176,0.003234222996979952,0.008312015794217587,0.38539209961891174
35,L1,L,Q,0.002076334087178111,0.0031398264691233635,0.0022645958233624697,0.002566955517977476,0.001898492220789194,0.0036091841757297516,0.007664704695343971,0.0016958111664280295,0.00494046276435256,0.004618348088115454,0.00274847075343132,0.0037702308036386967,0.005413156934082508,0.917227029800415,0.007281323429197073,0.0034778036642819643,0.001745999208651483,0.002561455825343728,0.0033191749826073647,0.00416647270321846
36,L1,L,Q,0.0028741408605128527,0.0035349451936781406,0.004230033606290817,0.0031028527300804853,0.006013663485646248,0.002151159569621086,0.009206407703459263,0.0031182218808680773,0.006847979500889778,0.007187515031546354,0.003091538557782769,0.0027117806021124125,0.004525478463619947,0.9025620222091675,0.005714996252208948,0.0032341009937226772,0.004655702039599419,0.0028531698044389486,0.0024641994386911392,0.003155362093821168
37,L1,L,K,0.002145972801372409,0.0027920419815927744,0.0013257531682029366,0.006390450056642294,0.0037123949732631445,0.004837184213101864,0.004561316221952438,0.0028529155533760786,0.8925141096115112,0.0060492404736578465,0.0043497392907738686,0.004732066299766302,0.003282521152868867,0.008752616122364998,0.019849540665745735,0.0030496306717395782,0.004798531532287598,0.003955792170017958,0.0024392183404415846,0.004185964819043875
38,L1,L,P,0.005843266844749451,0.0027894657105207443,0.001902854535728693,0.001689912867732346,0.005458020139485598,0.0029614565428346395,0.0029582215938717127,0.002590685850009322,0.0035148633178323507,0.008343346416950226,0.003381544491276145,0.002303901594132185,0.9138450622558594,0.003313294379040599,0.0039526717737317085,0.0071810511872172356,0.005715814419090748,0.004206245299428701,0.0024664674419909716,0.0024697978515177965
39,L1,L,G,0.0037032775580883026,0.0028597055934369564,0.005251858849078417,0.0031149457208812237,0.002609606133773923,0.9202386140823364,0.002783494768664241,0.004237390588968992,0.0055426000617444515,0.0029076896607875824,0.0033408866729587317,0.005694929510354996,0.002192498417571187,0.0020481236279010773,0.004299229942262173,0.0031723412685096264,0.0018260707147419453,0.004209140781313181,0.0029004348907619715,0.004522230941802263
40,L1,L,S,0.005739226471632719,0.00614388519898057,0.0024862871505320072,0.030294405296444893,0.007746137212961912,0.01751902885735035,0.00991214718669653,0.005255028139799833,0.26685428619384766,0.02544952742755413,0.010414988733828068,0.006798355374485254,0.00920793041586876,0.07285367697477341,0.07159863412380219,0.37327897548675537,0.02524235099554062,0.004479796160012484,0.006405434105545282,0.004297483712434769
41,L1,L,S,0.6072511076927185,0.005750621203333139,0.0177163016051054,0.008924093097448349,0.013283716514706612,0.027770718559622765,0.008749912492930889,0.003597534727305174,0.00672608707100153,0.0033759104553610086,0.006515828426927328,0.0056991009041666985,0.019334040582180023,0.002325011184439063,0.003013649955391884,0.1670195460319519,0.01670326106250286,0.030881883576512337,0.004621317610144615,0.012603039853274822
42,L1,L,P,0.004048463422805071,0.002833654871210456,0.004638141021132469,0.002393689937889576,0.005608397535979748,0.002389464760199189,0.0032190873753279448,0.002172145526856184,0.0036416940856724977,0.006781287025660276,0.00381265371106565,0.002741208765655756,0.9190801382064819,0.0015198468463495374,0.002932108473032713,0.004638359881937504,0.003442106069996953,0.0035383091308176517,0.002856059232726693,0.003084761556237936
43,L1,L,K,0.005982738919556141,0.002924405038356781,0.00809148047119379,0.006098094396293163,0.0011166806798428297,0.004993959795683622,0.003956097178161144,0.008634774014353752,0.8552345037460327,0.005232265219092369,0.005076366011053324,0.010250551626086235,0.002019948558881879,0.010804764926433563,0.0214897021651268,0.002812134101986885,0.009065326303243637,0.008403817191720009,0.004320381209254265,0.007177702151238918
44,L1,L,P,0.004576731473207474,0.006859953515231609,0.006460889242589474,0.0056708804331719875,0.022801890969276428,0.006209899205714464,0.010098322294652462,0.014525377191603184,0.027431488037109375,0.6395131349563599,0.017658112570643425,0.009319016709923744,0.09292800724506378,0.005837662145495415,0.024604151025414467,0.013996723107993603,0.01101607270538807,0.03407846763730049,0.006860869470983744,0.004652977921068668
45,L1,L,W,0.0015421529533341527,0.0022829894442111254,0.0014978667022660375,0.0011974775698035955,0.005375904496759176,0.0011878341902047396,0.0007812378462404013,0.009529604576528072,0.0018219449557363987,0.8999216556549072,0.0069687566719949245,0.0011160628637298942,0.005466830916702747,0.0027349134907126427,0.0059769852086901665,0.001843877020291984,0.0014302786439657211,0.03146563842892647,0.0026685278862714767,0.003137406427413225
46,L1,L,I,0.0019783461466431618,0.0023727661464363337,0.0035514761693775654,0.0028101415373384953,0.003958931192755699,0.0047328658401966095,0.0021629855036735535,0.9125731587409973,0.003826851025223732,0.008211485110223293,0.010869760997593403,0.0023449391592293978,0.0019230846082791686,0.003233486320823431,0.003832838963717222,0.005225684028118849,0.0017619772115722299,0.006946791894733906,0.002057399833574891,0.0026600786950439215
47,L1,L,Y,0.0036219286266714334,0.0049954853020608425,0.00676980335265398,0.0032384779769927263,0.01314280740916729,0.0019517134642228484,0.009050565771758556,0.003839087439700961,0.004332262556999922,0.004362642765045166,0.0024235136806964874,0.003709825687110424,0.0022892265114933252,0.003679470857605338,0.0035002289805561304,0.012357556261122227,0.0020781548228114843,0.002962693804875016,0.002950238762423396,0.8951319456100464
48,L1,L,A,0.6959498524665833,0.0055608381517231464,0.05001507326960564,0.009476495906710625,0.0029126773588359356,0.08271663635969162,0.005491800140589476,0.01499209925532341,0.018486469984054565,0.0038117957301437855,0.005929979495704174,0.008110446855425835,0.0013672226341441274,0.003200280712917447,0.019893255084753036,0.03039580211043358,0.00534161226823926,0.005934522021561861,0.0029751623515039682,0.008636511862277985
49,L1,L,T,0.16813094913959503,0.0028383478056639433,0.0046530659310519695,0.0081993592903018,0.0046857004053890705,0.005817572586238384,0.005942183081060648,0.007570977788418531,0.015375678427517414,0.0044529796577990055,0.0026585275772958994,0.008399223908782005,0.0068953209556639194,0.005375443492084742,0.0060871196910738945,0.0031996024772524834,0.6523672938346863,0.044309038668870926,0.005565070081502199,0.020153848454356194
50,L1,L,S,0.005244105122983456,0.0017222173046320677,0.006382589694112539,0.0021066844929009676,0.002823255257681012,0.0027456057723611593,0.0014894900377839804,0.0012392409844323993,0.003351130522787571,0.0017417232738807797,0.001595158246345818,0.0037234374321997166,0.0010784676996991038,0.0010166142601519823,0.0016771135851740837,0.9464625120162964,0.002612798009067774,0.001479998230934143,0.0018707235576584935,0.004103405401110649
51,L1,L,N,0.007923642173409462,0.0041108764708042145,0.006555937230587006,0.005023149307817221,0.0029713092371821404,0.007992100901901722,0.007035956252366304,0.009052488952875137,0.011248687282204628,0.007581138983368874,0.004480503499507904,0.7822141051292419,0.004271014593541622,0.005490818992257118,0.009942009113729,0.049037255346775055,0.03913402184844017,0.005182463210076094,0.0036181507166475058,0.008865789510309696
52,L1,L,L,0.0070439716801047325,0.008075933903455734,0.008580622263252735,0.002840604167431593,0.012696410529315472,0.006209972780197859,0.004774421453475952,0.00416193250566721,0.005192440934479237,0.5028090476989746,0.00607628608122468,0.004267783369868994,0.028481043875217438,0.009296408854424953,0.2992866039276123,0.016207320615649223,0.016009999439120293,0.00832482147961855,0.015511040575802326,0.006836086045950651
53,L1,L,A,0.5986929535865784,0.006384358741343021,0.016396114602684975,0.051040783524513245,0.004764352459460497,0.009689483791589737,0.021132949739694595,0.005859547294676304,0.03625442832708359,0.0068249329924583435,0.00396434823051095,0.008681187406182289,0.053870342671871185,0.05965561047196388,0.034396786242723465,0.020910611376166344,0.016870487481355667,0.005627984646707773,0.003859889693558216,0.007521791383624077
54,L1,L,S,0.006530488841235638,0.002712933113798499,0.007619897369295359,0.0062952046282589436,0.002879628213122487,0.005954307969659567,0.0041625830344855785,0.005747293122112751,0.004897773265838623,0.0029395048040896654,0.0035126148723065853,0.014386503025889397,0.007141341920942068,0.0013894867151975632,0.00953175500035286,0.8789225220680237,0.011938454583287239,0.0013286377070471644,0.0029390575364232063,0.003830147674307227
55,L1,L,G,0.0034286347217857838,0.0031730697955936193,0.004532516933977604,0.005460310727357864,0.003454960882663727,0.9141749143600464,0.003307502483949065,0.005613415036350489,0.003839256940409541,0.001996310893446207,0.0026857757475227118,0.002530439756810665,0.0031482940539717674,0.0028880976606160402,0.0036375136114656925,0.002849782817065716,0.0025844410993158817,0.0041304961778223515,0.008675632998347282,0.0030028270557522774
56,L1,L,V,0.00479484349489212,0.0018902493175119162,0.0017618194688111544,0.0010916535975411534,0.0035960967652499676,0.005750712938606739,0.0022805207408964634,0.019731951877474785,0.006304786074906588,0.0020399941131472588,0.0019682999700307846,0.0021124964114278555,0.0038386082742363214,0.0009000943973660469,0.000780062226112932,0.007670191116631031,0.005913547705858946,0.9139206409454346,0.002115556737408042,0.0016875796718522906
57,L1,L,P,0.0033030647318810225,0.002910405630245805,0.0032403655350208282,0.0023570272605866194,0.004117954056710005,0.0029980915132910013,0.003360126633197069,0.002559246262535453,0.003323056735098362,0.004772576969116926,0.0026617292314767838,0.0016007405938580632,0.9167068004608154,0.003605285193771124,0.002625733846798539,0.013600852340459824,0.004399367608129978,0.0032854541204869747,0.002403705380856991,0.0017091353656724095
58,L1,L,V,0.08507121354341507,0.005941274110227823,0.06480789184570312,0.02754492312669754,0.0052881683222949505,0.015070534311234951,0.013264565728604794,0.005929659120738506,0.02694268897175789,0.0027025409508496523,0.0042317952029407024,0.009929291903972626,0.006645182613283396,0.004824777599424124,0.006060645449906588,0.2844772934913635,0.010569938458502293,0.3761235475540161,0.005388591904193163,0.006399425212293863
59,L1,L,R,0.002214812207967043,0.0035818638280034065,0.002493358450010419,0.00417211651802063,0.0019451658008620143,0.006352294236421585,0.0031987035181373358,0.0023863930255174637,0.0066915955394506454,0.003540746634826064,0.004056925885379314,0.0015079656150192022,0.004883854184299707,0.003929039463400841,0.9112728238105774,0.006929239723831415,0.005720923654735088,0.003420138731598854,0.0034074969589710236,0.0041022999212145805
60,L1,L,F,0.002136755734682083,0.004683410748839378,0.002829303964972496,0.0019815932027995586,0.9287518858909607,0.004802558571100235,0.002383281011134386,0.004105488304048777,0.0026517719961702824,0.004473515320569277,0.0019319190178066492,0.0012881479924544692,0.0034832528326660395,0.0034246353898197412,0.001332031562924385,0.003172467928379774,0.0026628822088241577,0.006865970324724913,0.0033759218640625477,0.0031364946626126766
61,L1,L,E,0.009677954018115997,0.005808195564895868,0.0021698654163628817,0.003292905632406473,0.006279615219682455,0.005689714569598436,0.0031342399306595325,0.006637189071625471,0.0032185064628720284,0.0027569634839892387,0.0027011404745280743,0.00928142573684454,0.005591677967458963,0.0025464585050940514,0.009806286543607712,0.8874564170837402,0.005871353205293417,0.0025516704190522432,0.003134217346087098,0.006322366185486317
62,L1,L,G,0.005622695665806532,0.005130101460963488,0.002815284999087453,0.0028843889012932777,0.0037784650921821594,0.9205136895179749,0.002883287612348795,0.00272855325601995,0.003863543039187789,0.0023331898264586926,0.0031376760452985764,0.003915088251233101,0.004331351723521948,0.0027136371936649084,0.0036568655632436275,0.004651863593608141,0.002754121320322156,0.0036858664825558662,0.002342270454391837,0.0023231010418385267
63,L1,L,S,0.004260305315256119,0.0036841712426394224,0.0032188203185796738,0.0023323828354477882,0.0047978623770177364,0.00896407850086689,0.0020624264143407345,0.003008562372997403,0.0024244145024567842,0.003447092603892088,0.0028007871005684137,0.0055422731675207615,0.001531498390249908,0.001829692511819303,0.004955890588462353,0.9198057055473328,0.0048288912512362,0.0019641427788883448,0.001970357494428754,0.005067216698080301
64,L1,L,G,0.0046996776945889,0.0036599887534976006,0.0029431942384690046,0.003522090381011367,0.002064536092802882,0.9073089361190796,0.002725716447457671,0.0031520037446171045,0.006774009205400944,0.0029588642064481974,0.004941505845636129,0.004073264077305794,0.003476962447166443,0.003152447286993265,0.004530458711087704,0.00797333475202322,0.00667733745649457,0.0035364050418138504,0.0012688549468293786,0.004950045142322779
65,L1,L,S,0.007434068247675896,0.005036483518779278,0.004923640750348568,0.0025242625270038843,0.007951777428388596,0.0033019089605659246,0.0030489927157759666,0.0037185712717473507,0.0028534778393805027,0.0026068948209285736,0.0026379546616226435,0.005870284046977758,0.0036272071301937103,0.0023450064472854137,0.003272529924288392,0.9044004678726196,0.005257198121398687,0.0037147558759897947,0.0019048918038606644,0.008145897649228573
66,L1,L,G,0.008355828002095222,0.0027693298179656267,0.0032112030312418938,0.006445529405027628,0.002063954481855035,0.9187099933624268,0.0023567413445562124,0.005435903090983629,0.0025582783855497837,0.0021859745029360056,0.003167450660839677,0.0034101027995347977,0.0026535033248364925,0.002415994880720973,0.003364905947819352,0.00237348978407681,0.003246690845116973,0.005760703701525927,0.0038717605639249086,0.001707470160908997
67,L1,L,T,0.005319593474268913,0.002007064176723361,0.00263756955973804,0.0007944219396449625,0.004960475489497185,0.00259253173135221,0.0014786276733502746,0.0042744907550513744,0.006250731647014618,0.00234585115686059,0.002103394130244851,0.007404318079352379,0.0019744765013456345,0.0025354207027703524,0.003652889747172594,0.004354960285127163,0.9278460741043091,0.0014834842877462506,0.0017019094666466117,0.002863379428163171
68,L1,L,D,0.004243689123541117,0.0025387152563780546,0.926344096660614,0.005290796048939228,0.0012631590943783522,0.004986187908798456,0.0032457520719617605,0.0012712014140561223,0.0037654144689440727,0.0016429794486612082,0.002969701075926423,0.003852094290778041,0.0014269688399508595,0.004149260465055704,0.0023857110645622015,0.003738551866263151,0.0031833285465836525,0.004182643257081509,0.0013406685320660472,0.006194475572556257
69,L1,L,Y,0.008629687130451202,0.00888253003358841,0.001734728692099452,0.0025190350133925676,0.8312582969665527,0.009837569668889046,0.005972011014819145,0.007550135720521212,0.0015926319174468517,0.005842976272106171,0.0025494324509054422,0.001218784018419683,0.0029297915752977133,0.0027477864641696215,0.0016661821864545345,0.00282842549495399,0.004378222394734621,0.0063913059420883656,0.003435231279581785,0.06673853099346161
70,L1,L,S,0.007857434451580048,0.004197274800390005,0.009632579982280731,0.002253682352602482,0.0025272814091295004,0.005876556038856506,0.004736048169434071,0.00816258043050766,0.009206201881170273,0.003603760153055191,0.0050536347553133965,0.010919136926531792,0.006185176782310009,0.003273542271926999,0.0029765749350190163,0.6279512643814087,0.24486728012561798,0.011351263150572777,0.003787415102124214,0.0037838879507035017
71,L1,L,L,0.0025709159672260284,0.005780403036624193,0.00387349515222013,0.0043541737832129,0.01711517944931984,0.0032284329645335674,0.0038983672857284546,0.004452109336853027,0.0035503841936588287,0.8961269855499268,0.0035797455348074436,0.0012925848131999373,0.00321062165312469,0.0027246451936662197,0.004987495485693216,0.004316840320825577,0.004022699780762196,0.00420447438955307,0.0040826438926160336,0.004010296426713467
72,L1,L,T,0.006762417033314705,0.004506723955273628,0.00520559586584568,0.0019167766440659761,0.0039763376116752625,0.006756551098078489,0.004660848528146744,0.00795786827802658,0.0070943464525043964,0.002509407000616193,0.00351546797901392,0.009110750630497932,0.003544929437339306,0.005572366062551737,0.004596698097884655,0.006517142057418823,0.8802058100700378,0.005212958436459303,0.003190038027241826,0.006018870044499636
73,L1,L,I,0.0024515758268535137,0.002916438737884164,0.00291308481246233,0.002514499006792903,0.005033836700022221,0.0027605807408690453,0.00279072648845613,0.9210821986198425,0.004200883209705353,0.0039421385154128075,0.005293488036841154,0.002299858722835779,0.0022605133708566427,0.0023253904655575752,0.0023845823016017675,0.008228272199630737,0.003619398921728134,0.005023540463298559,0.0022439167369157076,0.004302456974983215
74,L1,L,S,0.0018910315120592713,0.0025618956424295902,0.005734115373343229,0.002513136249035597,0.002136156428605318,0.004382445942610502,0.002078080317005515,0.004461555276066065,0.002485099947080016,0.001748433685861528,0.0035976036451756954,0.012664573267102242,0.001033878535963595,0.002171263797208667,0.0070206657983362675,0.9151135683059692,0.011366896331310272,0.001087118056602776,0.0017925947904586792,0.003774874145165086
75,L1,L,R,0.004294463898986578,0.0029459751676768064,0.003203877480700612,0.003954734653234482,0.003511099610477686,0.07896047085523605,0.004327964037656784,0.0057693421840667725,0.007387617137283087,0.0014180775033310056,0.0023494327906519175,0.008558563888072968,0.0012473169481381774,0.0011012242175638676,0.7763417363166809,0.06902077049016953,0.005888184066861868,0.002784350886940956,0.00467330077663064,0.0008851450402289629
76,L1,L,V,0.01795966364443302,0.00573641387745738,0.007131172344088554,0.007738640531897545,0.02280149795114994,0.006458079908043146,0.006454724818468094,0.007856382057070732,0.004813465755432844,0.42233818769454956,0.016403459012508392,0.0027488411869853735,0.006643963046371937,0.013330253772437572,0.03691257908940315,0.01375721488147974,0.01554143987596035,0.32371610403060913,0.012555999681353569,0.005949360318481922
77,L1,L,E,0.008469408378005028,0.004808629397302866,0.007490453775972128,0.6455084681510925,0.0023721191100776196,0.0060731954872608185,0.014098403975367546,0.00319318613037467,0.00665676174685359,0.008167286403477192,0.004342608619481325,0.007847326807677746,0.007525402586907148,0.1899847537279129,0.012673621997237206,0.0064094518311321735,0.011691278778016567,0.01353006437420845,0.005110050551593304,0.005409816280007362
78,L1,L,A,0.7368230223655701,0.0030929208733141422,0.003008331172168255,0.00487160962074995,0.006361428648233414,0.004047954920679331,0.009373453445732594,0.0031037325970828533,0.003644071752205491,0.011508282274007797,0.00293995370157063,0.004874491132795811,0.12618032097816467,0.0023124106228351593,0.004125509411096573,0.027114948257803917,0.009599747136235237,0.005697268061339855,0.004307717550545931,0.00634790537878871
79,L1,L,E,0.0036707392428070307,0.0025485800579190254,0.0069433157332241535,0.9115908741950989,0.0022492995485663414,0.010525674559175968,0.00305614760145545,0.0025076759047806263,0.0027031844947487116,0.002686516847461462,0.002708262763917446,0.003107568481937051,0.003582594683393836,0.004654937889426947,0.0051076882518827915,0.003455527126789093,0.0046920981258153915,0.007098186761140823,0.002011746633797884,0.0026794536970555782
80,L1,L,D,0.002303497865796089,0.002193272113800049,0.9192501306533813,0.007786945439875126,0.003197173587977886,0.0032509209122508764,0.004960701335221529,0.0036145709455013275,0.0019049756228923798,0.003569209249690175,0.0015074937837198377,0.005946117918938398,0.005453858524560928,0.002469755010679364,0.00341522297821939,0.0020213283132761717,0.00226075341925025,0.0044216588139534,0.003238351782783866,0.003937501460313797
81,L1,L,D,0.01165784988552332,0.015528413467109203,0.11595984548330307,0.02547995187342167,0.5920655727386475,0.010530549101531506,0.004821050446480513,0.05723206698894501,0.00633457163348794,0.017775841057300568,0.0052496991120278835,0.0027099705766886473,0.0038999204989522696,0.005047957878559828,0.006520961876958609,0.03182176500558853,0.0053322045132517815,0.0383753776550293,0.004370385315269232,0.005283843260258436
82,L1,L,A,0.9065768122673035,0.0030566139612346888,0.005939793772995472,0.0037137612234801054,0.003301843535155058,0.019162286072969437,0.0032478179782629013,0.0026525985449552536,0.0020224633626639843,0.0040662530809640884,0.0021012136712670326,0.0023847229313105345,0.0032432216685265303,0.0027733086608350277,0.0010288616176694632,0.006148243322968483,0.003975669853389263,0.006611765827983618,0.002878874307498336,0.0030417919624596834
83,L1,L,T,0.010352297686040401,0.002686398336663842,0.012262155301868916,0.0007630074396729469,0.004860342014580965,0.005032939836382866,0.0019759025890380144,0.010641481727361679,0.0035622885916382074,0.008180318400263786,0.0029388531111180782,0.004941865336149931,0.00555814616382122,0.0015873023075982928,0.004388832487165928,0.007887395098805428,0.8457611799240112,0.03998842090368271,0.005302099976688623,0.005404769908636808
84,L1,L,Y,0.004438381176441908,0.004813849460333586,0.008904747664928436,0.0035896277986466885,0.007395735941827297,0.002273904625326395,0.005610273219645023,0.0028794112149626017,0.002822550944983959,0.005290653556585312,0.0019704168662428856,0.0036089273635298014,0.0022035615984350443,0.0026643876917660236,0.0029854204040020704,0.002848847769200802,0.004073483869433403,0.0036415087524801493,0.00401193555444479,0.9069564342498779
85,L1,L,Y,0.0021997555159032345,0.0056089675053954124,0.005082200281322002,0.002519701374694705,0.014139886945486069,0.0027416034135967493,0.00846157781779766,0.0038981130346655846,0.003607671009376645,0.0045408811420202255,0.0027501953300088644,0.0029556744266301394,0.002966378116980195,0.003264407394453883,0.0018181963823735714,0.005770071875303984,0.0035555826034396887,0.0027717852499336004,0.0035589358303695917,0.9023411273956299
86,L1,L,C,0.0024844110012054443,0.9172469973564148,0.0028219292871654034,0.0033795381896197796,0.0026688610669225454,0.007369477767497301,0.002633811207488179,0.0030200392939150333,0.002866612747311592,0.0033612812403589487,0.002452102955430746,0.0021796657238155603,0.003910663537681103,0.0038207508623600006,0.004147268831729889,0.005074316170066595,0.003589939558878541,0.0037908439990133047,0.007108707446604967,0.003194251097738743
87,L1,L,Q,0.003440870437771082,0.0029678144492208958,0.0027167010121047497,0.0028065184596925974,0.0045655276626348495,0.0031675302889198065,0.0072739338502287865,0.0029289615340530872,0.004452670458704233,0.010630650445818901,0.0026723756454885006,0.003478473285213113,0.0031718150712549686,0.9047871232032776,0.00528316106647253,0.00351976347155869,0.00395570695400238,0.0060375770553946495,0.003065244061872363,0.0037402603775262833
88,L1,L,Q,0.0037021315656602383,0.0031637530773878098,0.004285563249140978,0.00638783723115921,0.002056931145489216,0.0024352427572011948,0.007876015268266201,0.0028607924468815327,0.00820812676101923,0.005690811667591333,0.0029559589456766844,0.004099000245332718,0.00567307835444808,0.8996807336807251,0.0068296147510409355,0.006092024501413107,0.0023301837500184774,0.004194738809019327,0.0025930132251232862,0.0025374118704348803
89,L1,L,E,0.02341539040207863,0.013759373687207699,0.011273862794041634,0.05436025932431221,0.02306847833096981,0.01089324988424778,0.025799237191677094,0.006541486829519272,0.005028338637202978,0.07527536153793335,0.004560589790344238,0.0086843091994524,0.0162203349173069,0.008287308737635612,0.08092480152845383,0.05885662883520126,0.007904021069407463,0.011306717060506344,0.02155204303562641,0.5022702813148499
90,L1,L,T,0.01755601167678833,0.008506125770509243,0.1980341523885727,0.016593577340245247,0.012787597253918648,0.10296211391687393,0.035842400044202805,0.01977590285241604,0.03210239112377167,0.01382905337959528,0.003298315219581127,0.0819992870092392,0.003606212791055441,0.01428699865937233,0.0301402248442173,0.025768913328647614,0.22983862459659576,0.011090007610619068,0.010260204784572124,0.09608503431081772
91,L1,L,E,0.010068594478070736,0.008088544942438602,0.033210791647434235,0.05734426528215408,0.019117392599582672,0.0235263854265213,0.012204606086015701,0.060856789350509644,0.013528186827898026,0.007674351800233126,0.009881612844765186,0.10107313841581345,0.007131088059395552,0.009495753794908524,0.029267627745866776,0.441567599773407,0.08689569681882858,0.007988819852471352,0.006975159980356693,0.014918537810444832
92,L1,L,D,0.037802886217832565,0.007947111502289772,0.3758287727832794,0.0035098474472761154,0.03408394753932953,0.0400787778198719,0.014266211539506912,0.011894071474671364,0.008616933599114418,0.027393631637096405,0.00530426437035203,0.03624667972326279,0.02430431917309761,0.008083892986178398,0.02735915780067444,0.14714020490646362,0.06562294065952301,0.0095299007371068,0.03010733798146248,0.04810837656259537
93,L1,L,P,0.004306819289922714,0.0029871296137571335,0.004644383210688829,0.0020317896269261837,0.0038148481398820877,0.007628768216818571,0.0028350665234029293,0.005685159005224705,0.003138813655823469,0.019908573478460312,0.0025911282282322645,0.0022463665809482336,0.88407963514328,0.006838107015937567,0.00552702322602272,0.012908382341265678,0.006606885697692633,0.00372566026635468,0.0034566570539027452,0.002797616645693779
94,L1,L,P,0.024980103597044945,0.016573691740632057,0.004531973507255316,0.009115652181208134,0.023703167214989662,0.018309274688363075,0.012504111975431442,0.047022849321365356,0.006805167533457279,0.07968959212303162,0.013502396643161774,0.00810601282864809,0.5127254128456116,0.01948019489645958,0.04122491553425789,0.007844693958759308,0.002392868511378765,0.07808874547481537,0.01390690915286541,0.03197099268436432
95,L1,L,T,0.008344573900103569,0.0022738748230040073,0.0022798168938606977,0.002571585588157177,0.0028552785515785217,0.004268847871571779,0.001792379654943943,0.007332490291446447,0.0020157205872237682,0.00524743041023612,0.0037003103643655777,0.003525327891111374,0.002439378062263131,0.0015981286996975541,0.005233821924775839,0.011992041952908039,0.9114834070205688,0.0068375044502317905,0.0015780758112668991,0.0024001002311706543
96,L1,L,F,0.002301692496985197,0.004957203753292561,0.0026605860330164433,0.0028329207561910152,0.92792147397995,0.004070403520017862,0.0010980613296851516,0.0033905168529599905,0.002913809148594737,0.0045011392794549465,0.001993319019675255,0.0026800166815519333,0.0038929954171180725,0.003573902416974306,0.003204905893653631,0.0031885013449937105,0.004096561577171087,0.004555854480713606,0.005101173650473356,0.0031740053091198206
97,L1,L,G,0.005856001283973455,0.004085023887455463,0.0031084977090358734,0.003730104537680745,0.002873392542824149,0.914677083492279,0.0033181207254529,0.0037723537534475327,0.0039051442872732878,0.003075128886848688,0.002937252400442958,0.004000287968665361,0.0023882766254246235,0.0038912047166377306,0.003279302269220352,0.0042245052754879,0.004390125162899494,0.005801395978778601,0.0033459137193858624,0.002121095545589924
98,L1,L,G,0.006116686388850212,0.007388824597001076,0.0029874583706259727,0.00702552730217576,0.004091052338480949,0.403948575258255,0.014329735189676285,0.005422390066087246,0.005291393026709557,0.004515466280281544,0.00320803327485919,0.0030033611692488194,0.011689962819218636,0.4656013250350952,0.009091679938137531,0.007882525213062763,0.006267567630857229,0.0029669262003153563,0.0018918085843324661,0.004011858720332384
99,L1,L,G,0.003928708378225565,0.0038071610033512115,0.0021081259474158287,0.003285386599600315,0.002480266382917762,0.9208587408065796,0.0032589430920779705,0.0055611468851566315,0.0033890134654939175,0.003498877165839076,0.003530562389642,0.002863108180463314,0.0031917684245854616,0.0030756869819015265,0.003310123458504677,0.0028985985554754734,0.0038350180257111788,0.0033463388681411743,0.004361028783023357,0.00251086987555027
100,L1,L,T,0.006028958596289158,0.0034466395154595375,0.002909980481490493,0.0025380912702530622,0.003003919729962945,0.002747912425547838,0.0019396308343857527,0.0037201421801000834,0.004665222484618425,0.0033069553319364786,0.0022283056750893593,0.00401578051969409,0.0048139370046556,0.0018122788751497865,0.003492969088256359,0.006806073244661093,0.9173989295959473,0.0038482104428112507,0.003200471866875887,0.004914370831102133
101,L1,L,K,0.0014788152184337378,0.0024637917522341013,0.0018348782323300838,0.0050282711163163185,0.0011399065842851996,0.0026215387042611837,0.0026329613756388426,0.002025976777076721,0.8720930218696594,0.00365418940782547,0.006242929957807064,0.008167536929249763,0.0018589625833556056,0.006856340914964676,0.0381009578704834,0.004485369194298983,0.012250044383108616,0.0020189282950013876,0.0031962336506694555,0.0033265314996242523
102,L1,L,L,0.005802251398563385,0.005525080021470785,0.003011454828083515,0.007353454828262329,0.0025460051838308573,0.006940797436982393,0.004952231887727976,0.005397220607846975,0.0051306975074112415,0.5194618701934814,0.008327416144311428,0.002286552218720317,0.0032205001916736364,0.007190024014562368,0.004844618961215019,0.0021957778371870518,0.0018043932504951954,0.3649361729621887,0.009576245211064816,0.0045861233957111835
103,L1,L,E,0.0036381641402840614,0.0038329041562974453,0.014446873217821121,0.9016892313957214,0.003338522743433714,0.006556154228746891,0.003062083153054118,0.002913657110184431,0.0024474936071783304,0.0021693985909223557,0.0022511722054332495,0.0031250498723238707,0.0021679725032299757,0.009012962691485882,0.004934072960168123,0.004766854457557201,0.00528518483042717,0.003469824558123946,0.003341810079291463,0.004627664107829332
104,L1,L,I,0.002391850110143423,0.0028726246673613787,0.003483513602986932,0.0031202719546854496,0.007750093936920166,0.0028185518458485603,0.003889703657478094,0.9030240774154663,0.0035736195277422667,0.004782395903021097,0.009465379640460014,0.0033129295334219933,0.004227952565997839,0.002018601167947054,0.003104201517999172,0.005340042524039745,0.003013010835275054,0.01063409075140953,0.0032880243379622698,0.002583209192380309
105,L1,L,K,0.002176221925765276,0.002604779088869691,0.0024221669882535934,0.004845736548304558,0.0011802488006651402,0.0009718248038552701,0.002964428626000881,0.0050966255366802216,0.9265231490135193,0.006555662024766207,0.002305303467437625,0.0040949489921331406,0.0007334392867051065,0.0038802397903054953,0.0032130498439073563,0.003535754047334194,0.0030509389471262693,0.0023158639669418335,0.0018362049013376236,0.0028291144408285618
